Workbook

Sheet SLP Training Calls
A1: SLP List Assembly: Govindganj Training Date & Time: 17th June 2025, 10:30 AM Location: Cold Store Balaha chowk, Areraj Field Coordinator: Jamshed Alam | D1: Calling Status | E1: Confirmation Status | F1: Remarks
E4: Yes
A6: Sr. No. | B6: Name | C6: Mobile Number
A7: 1 | B7: Khursheed Alam | C7: 9934209607 | D7: Connected | J7: Assembly | K7: No. of SLP said YES on calll
A8: 2 | B8: Prakash Ram | C8: 9693341843 | D8: Busy | J8: Govindganj | K8: 15 | L8: out of 24
A9: 3 | B9: Jubair Alam | C9: 6209101020 | D9: Connected | E9: Yes | J9: Kusheshwar Asthan | K9: 20 | L9: out of 20
A10: 4 | B10: Shabana Khatoon | C10: 7763978358 | D10: Connected | E10: Yes | J10: Bachhwara | K10: 16 | L10: out of 29
A11: 5 | B11: Saheb Alam | C11: 7976710026 | D11: Not Received
A12: 6 | B12: Sunil Ram | C12: 9507519092 | D12: Connected | E12: Yes
A13: 7 | B13: Munna Giri | C13: 9006395334 | D13: Connected | E13: Yes
A14: 8 | B14: Rajnish Kr Thakur | C14: 7739022508 | D14: Switch off
A15: 9 | B15: Md Neyaz | C15: 9810208394 | D15: Connected | E15: Yes
A16: 10 | B16: Suraj Ram | C16: 9771527610 | D16: Wrong No.
A17: 11 | B17: Pankaj Sah | C17: 7903957057 | D17: Connected | E17: Yes
A18: 12 | B18: MunniLal Ram | C18: 7766832315 | D18: Connected | E18: Yes
A19: 13 | B19: Aftab Alam | C19: 9931510786 | D19: Connected | E19: Yes
A20: 14 | B20: Jamadaar Patel | C20: 7372804950 | D20: Connected | E20: Yes
A21: 15 | B21: Md Eqbal | C21: 7352750886 | D21: Switch off
A22: 16 | B22: Md Moin | C22: 9973560056 | D22: Connected | E22: No | F22: note come
A23: 17 | B23: Jairam Yadav | C23: 9525313845 | D23: Connected | E23: Yes
A24: 18 | B24: Md Samiullah | C24: 9523008283 | D24: Connected | E24: Yes
A25: 19 | B25: Rajesh Kr Gupta | C25: 9973138077 | D25: Connected | E25: Yes
A26: 20 | B26: Mukesh Kumar | C26: 9523624880 | D26: Connected | E26: Yes
A27: 21 | B27: Pintu Thakur | C27: 9199994194 | D27: Connected | E27: Yes
A28: 22 | B28: Rambabu Kumar | C28: 8521461956 | D28: Switch off
A29: 23 | B29: Shobha Devi | C29: 7370941803 | D29: Not Received
A30: 24 | B30: Zahir Hussain | C30: 9955161629 | D30: Connected | E30: Yes
A32: SLP List Assembly: Bachhwara Training Date & Time: 18th June 2025, Location: Field Coordinator: Niraj Kumar
A37: Sr. No. | B37: Name | C37: Mobile Number
A38: 1 | B38: Sintu Kumar | C38: 7546922084 | D38: Connected | E38: Yes
A39: 2 | B39: Arvind Kumar | C39: 7488681191 | D39: Connected | E39: Yes
A40: 3 | B40: Rohit Kumar | C40: 7488613599 | D40: Busy | E40: Yes
A41: 4 | B41: Om Prakash | C41: 9801705676 | D41: Connected | E41: Yes
A42: 5 | B42: Nandlal Chaurasia | C42: 9006236888 | D42: Connected | E42: Yes
A43: 6 | B43: Nitish Kumar | C43: 6200660447 | D43: Call Back Later
A44: 7 | B44: Awadhesh Kumar | C44: 6200838371 | D44: Connected | E44: Yes
A45: 8 | B45: Ajay Kumar | C45: 6207659784 | D45: Connected | E45: Yes
A46: 9 | B46: Ranjit Yadav | C46: 9709629052 | D46: Connected | E46: Yes
A47: 10 | B47: Vikas Kumar | C47: 7903546800 | D47: Busy
A48: 11 | B48: Raju Kumar | C48: 8271784711 | D48: Switch off
A49: 12 | B49: Nilesh Kumar | C49: 7033885374 | D49: Connected | E49: Yes
A50: 13 | B50: Amaresh Kumar | C50: 8298760716 | D50: Connected | E50: Yes
A51: 14 | B51: Gandhi Sah | C51: 8406089070 | D51: Connected | E51: Yes
A52: 15 | B52: Rajesh Kumar Thakur | C52: 9798676251 | D52: Connected | E52: Yes
A53: 16 | B53: Mohammad Isha | C53: 9708900475 | D53: Connected | E53: No | F53: not available
A54: 17 | B54: Mohammad Bholi | C54: 8405987702 | D54: Not Received
A55: 18 | B55: Chandramani Yadav | C55: 8539005602 | D55: Not Received
A56: 19 | B56: Ashok Kumar | C56: 9525169081 | D56: Wrong No.
A57: 20 | B57: Ashutosh Kumar | C57: 8307226816 | D57: Connected | E57: Yes
A58: 21 | B58: Dhirendra Kumar | C58: 9525510843 | D58: Connected | E58: Yes
A59: 22 | B59: Rajeev Kumar | C59: 7061854779 | D59: Connected | E59: Yes
A60: 23 | B60: Vijay Mohan Thakur | C60: 7079138633 | D60: Not Received
A61: 24 | B61: Adarsh Kumar | C61: 8877594560 | D61: Switch off
A62: 25 | B62: Sonu Kumar Chaudhary | C62: 7004408417 | D62: Busy
A63: 26 | B63: Bablu Kumar | C63: 8877550008 | D63: Not Received
A64: 27 | B64: Sachin Kumar | C64: 9771700578 | D64: Not Received
A65: 28 | B65: Abhishek Kumar | C65: 7488157959 | D65: Connected | E65: Yes
A66: 29 | B66: Rambabu Tanti | C66: 9304112961 | D66: Busy
A68: SLP List Assembly: Kusheshwar Asthan Training Date & Time: 17th June 2025, Location: Shankara Modern Public School Shukumarpur Field Coordinator: Veer Bhadra
A73: Sr. No. | B73: Name | C73: Mobile Number
A74: 1 | B74: Rahul Singh | C74: 6204210141 | D74: Connected | E74: Yes
A75: 2 | B75: Prince Kumar | C75: 8920856905 | D75: Connected | E75: Yes
A76: 3 | B76: Naresh Kumar | C76: 9835681457 | D76: Connected | E76: Yes
A77: 4 | B77: Vijay Kumar Yadav | C77: 7070776153 | D77: Connected | E77: Yes
A78: 5 | B78: Balkrishna Pandit | C78: 8051973105 | D78: Connected | E78: Yes
A79: 6 | B79: Pappu Kumar Das | C79: 8709716262 | D79: Connected | E79: Yes
A80: 7 | B80: Ramjapo Paswan | C80: 6206901951 | D80: Connected | E80: Yes
A81: 8 | B81: Kewalkant Mukhiya | C81: 8969093924 | D81: Connected | E81: Yes
A82: 9 | B82: Kamal Narayan Mukhiya | C82: 8210175630 | D82: Connected | E82: Yes
A83: 10 | B83: Pankaj Kumar | C83: 9128821649 | D83: Connected | E83: Yes
A84: 11 | B84: Guddu Kumar | C84: 6202876013 | D84: Connected | E84: Yes
A85: 12 | B85: Rishikant Mishra | C85: 9835813665 | D85: Connected | E85: Yes
... A87: 14 | B87: Kanchan Kumari | C87: 6202313176 | D87: Connected | E87: Yes
A88: 15 | B88: Ramesh Kumar Sahu | C88: 9065694688 | D88: Connected | E88: Yes | F88: Soch kr bta denge
A89: 16 | B89: Md Ansar | C89: 7973677923 | D89: Connected | E89: Yes
A90: 17 | B90: Md Rizwan Alam | C90: 9801461368 | D90: Connected | E90: Yes
A91: 18 | B91: Deepak Kumar | C91: 9117444067 | D91: Not Received | E91: Yes
A92: 19 | B92: Randheer Kumar | C92: 6200152895 | D92: Connected | E92: Yes
A93: 20 | B93: Dhananjay Choudhary | C93: 7654268400 | D93: Connected | E93: Yes
A95: SLP and Volunteer LList Assembly: Begusarai Training Date & Time: 21st June 2025, 10:30 AM Location: Congress Bhawan, Near Ayurveda College and Hospital, Begusarai Field Coordinator: Manish Abhinandan
A100: Sr. No. | B100: Name | C100: Mobile Number | D100: Connected
A101: 1 | B101: Santosh Kr. Sharma | C101: 6202378204 | D101: Connected | E101: Yes
A102: 2 | B102: Manjeet Kumar | C102: 7667891781 | D102: Connected | E102: Yes
A103: 3 | B103: Tejo Paswan | C103: 7603867357 | D103: Call Back Later
A104: 4 | B104: Gautam Paswan | C104: 8804055783 | D104: Connected | E104: Yes
A105: 5 | B105: Rupesh Kr. Rupak | C105: 7991168562 | D105: Connected | E105: Yes
A106: 6 | B106: Md. Iqabal | C106: 9570305921 | D106: Connected | E106: Yes
A107: 7 | B107: Devendra Yadav | C107: 9570658736 | D107: Connected | E107: Yes
A108: 8 | B108: Md. Iqabal | C108: 7370092752 | D108: Connected | E108: Yes
A109: 9 | B109: Pankaj Saw | C109: 7631754175 | D109: Busy
A110: 10 | B110: Raju Kumar | C110: 6206402328 | D110: Not Received
A111: 11 | B111: Santu Kumar | C111: 9155157023 | D111: Connected | E111: Yes
A112: 12 | B112: Santosh Kumar | C112: 6201496230
A113: 13 | B113: Ganesh Kumar | C113: 9006649540 | D113: Busy
A114: 14 | B114: Lalbabu Kumar | C114: 6205850429 | D114: Connected | E114: Yes
A115: 15 | B115: Shyam Kumar | C115: 9162839344 | D115: Not Received
A116: 16 | B116: Rambharosh Kumar | C116: 8709931942 | D116: Connected | E116: Yes
A117: 17 | B117: Gobind Kumar | C117: 8877833368 | D117: Connected | E117: Yes
A118: 18 | B118: Ambedkar Kumar | C118: 6204542539 | D118: Not Received
A119: 19 | B119: Krishna Kr. Kanahiya | C119: 8516900615 | D119: Connected | E119: Yes
...

Sheet SLP Field Data
A1: ASSEMBLY COORDINATOR (LEADER NAME) | B1: NAME | C1: NUMBER | D1: AGE | E1: GENDER | F1: PROFESSION | G1: RELIGION | H1: CATEGORY | I1: CASTE | J1: DISTRICT | K1: ASSEMBLY | L1: BLOCK | M1: PANCHAYAT | N1: Calling Status | O1: 1. क्या आप राजनीतिक या सामाजिक कार्य में रूचि रखते हैं? (हां/नहीं) | P1: 2. क्या आप वर्तमान में किसी सामाजिक या राजनैतिक संगठन से जुड़े हैं? (हाँ / नहीं) | Q1: संगठन का नाम (यदि हाँ): | R1: भूमिका (1-2 शब्द): | S1: 3. आपने अब तक अपने क्षेत्र में कोई सामाजिक या जन सरोकार का कार्य किया है? (हाँ / नहीं) | T1: यदि हाँ, तो एक उदाहरण दें: | U1: 4. क्या आपने कभी किसी जनप्रतिनिधि से जनता के मुद्दों को लेकर बात की है? (हाँ / नहीं) | V1: यदि हाँ, तो मुद्दा: | W1: 5. सामाजिक न्याय और समानता आपके लिए कितनी महत्वपूर्ण है? (बहुत / कुछ हद तक / नहीं) | X1: 6. क्या आप मानते हैं कि भारतीय संविधान की बातें – न्याय, स्वतंत्रता, समानता, बंधुत्व – ज़मीनी स्तर तक पहुंचें? (हाँ / नहीं) | Y1: 7. क्या आप कांग्रेस पार्टी द्वारा चलाए जा रहे संविधान लीडरशिप प्रोग्राम के बारे में जानते हैं? (हां/नहीं) (यदि नहीं तो संविधान लीडरशिप प्रोग्राम के बारे में जानकारी- ) | Z1: 8. क्या आप इस प्रोग्राम में नेतृत्व की भूमिका निभाने को तैयार हैं? (हाँ / नहीं / विचार कर रहा/रही हूं) | AA1: Verification Status | AB1: Remarks
A2: CHANDAN KUMAR | B2: Uma Shankar Roy | C2: 9507689463 | E2: Male | K2: ROSERA | N2: Not Received | AB2: market me hain baad me call karenge khud se
B3: Sunil Kumar | C3: 8434416844 | D3: 23 | E3: Male | F3: student | G3: hindu | K3: ROSERA | N3: Switch off | AB3: didn't agree to provide details
B4: Subodh Kumar | C4: 9525643915 | D4: 25 | E4: Male | F4: farmer | G4: Hindu | H4: OBC | I4: yadav | J4: samastipur | K4: ROSERA | L4: Rosera | N4: Connected | O4: Yes | P4: NO | S4: NO | U4: NO | AB4: call disconnect kar diya gaya
B5: Mukesh Kumar | C5: 8051281222 | D5: 25 | E5: Male | F5: student | G5: hindu | H5: obc | I5: yadav | J5: samastipur | K5: ROSERA | L5: rosera | M5: taher bseriya | N5: Connected | O5: Yes | P5: Yes | Q5: congress | S5: Yes | T5: social activist | U5: Yes | V5: rashan card, oldage pension | W5: Yes | X5: Yes | Y5: Yes | Z5: Yes | AA5: Verified
B6: Bipin Kumar | C6: 7370981710 | K6: ROSERA | N6: Not Received | AD6: bol rhe hai main sab details bata diya hai but meri baat nahi hui h inse
B7: Rishu Raman | C7: 8298316114 | D7: 25 | E7: Male | F7: student | G7: hindu | H7: obc | I7: yadav | J7: samastipur | K7: ROSERA | L7: shivajinagar | M7: kariyan | N7: Connected | O7: Yes | P7: NO | S7: NO | U7: NO | W7: Yes | X7: Yes | Y7: Yes | Z7: Yes | AA7: Verified | AD7: eligible
B8: Sunil Kumar | C8: 9525930962 | K8: ROSERA | N8: Call Back Later | AC8: bol rhe h Avi time nhi h | AD8: connect nahi ho paya off hai ya network se bahar hai
B9: Chandan Kumar | C9: 8877335426 | D9: 28 | E9: Male | F9: student | G9: hindu | H9: obc | I9: yadav | J9: samastipur | K9: ROSERA | L9: rosera | M9: tehar beseriya | N9: Connected | O9: Yes | P9: NO | S9: NO | U9: NO | W9: Yes | X9: Yes | Y9: Yes | Z9: Yes | AA9: Verified | AB9: kaam karwaya ja sakta hai.
B10: Rajan Kumar | C10: 9931256983 | K10: ROSERA | N10: Switch off | AB10: not incoming
B11: Bhukhli Devi | C11: 7367934354 | D11: 40 | E11: Female | F11: labour | G11: hindu | H11: sc | I11: paswan | J11: samastipur | K11: ROSERA | L11: rosera | M11: tehar beseriya | N11: Connected | O11: NO | P11: NO | S11: NO | U11: NO | W11: Yes | X11: Yes | Y11: NO | Z11: NO | AA11: Not Verified | AB11: nahi ho paega inse
B12: Vinod Yadav | C12: 9006220735 | D12: 43 | E12: Male | K12: ROSERA | N12: Connected | AC12: out of Bihar (Dehli) | AD12: baad me baat karenge job pe hain
B13: Kirtan Rajak | C13: 9741143274 | K13: ROSERA | N13: Connected | AB13: recv nhi kr rhe
B14: Raj Kumar Das | C14: 7011766399 | D14: 25 | E14: Male | F14: student | G14: hindu | H14: ebc | I14: das | J14: samastipur | K14: ROSERA | L14: rosera | M14: tehar beseriya | N14: Connected | O14: NO | P14: NO | S14: NO | U14: NO | W14: Yes | X14: Yes | Y14: NO | Z14: Yes | AA14: Verified
B15: Sarita Devi | C15: — | K15: ROSERA | N15: Wrong No. | AB15: contact not available
B16: Sunil Kumar | C16: 7988976975 | K16: ROSERA | N16: Not Received | AB16: recv nhi kar rhe hn | AC16: Busy aa rha h
B17: Manoj Kumar | C17: 9525642852 | K17: ROSERA | N17: Connected | AB17: recv nhi kar rhe hn
B18: Rajesh Roy | C18: 7431922495 | K18: ROSERA | N18: Wrong No. | AB18: wrong number
B19: Pankaj Das | C19: 6287334301 | D19: 27 | E19: Male | F19: job | G19: hindu | H19: obv | I19: das | J19: samastipur | K19: ROSERA | L19: hasanpur | M19: tehar beseriya | N19: Connected | O19: Yes | P19: Yes | Q19: bjp | S19: NO | U19: NO | W19: NO | X19: Yes | Y19: NO | Z19: NO | AA19: Not Verified | AB19: bjp supporter
B20: Raju Rajak | C20: 9113570636 | E20: Male | K20: ROSERA | N20: Switch off | AB20: koi idea nhi h liberary me hai baad me call karenge aapko
B21: Raj Kumar yadav | C21: 8217360257 | D21: 22 | E21: Male | F21: private work | G21: Hindu | H21: OBC | I21: yadav | J21: samastipur | K21: ROSERA | L21: Rosera | N21: Connected | O21: Yes | P21: NO | S21: NO | U21: NO | W21: Yes | X21: Yes | Y21: Yes | Z21: Yes | AA21: Verified | AB21: recv nahi kar rhe hn truecaller me karnataka ka no hai | AC21: ye Bihar se baher rahte h
B22: Ram Shankar yadav | C22: 9328409612 | D22: 25 | E22: Male | F22: business | G22: Hindu | H22: OBC | I22: yadav | J22: samastipur | K22: ROSERA | L22: Sivaji nager | M22: kariyan | N22: Connected | O22: Yes | P22: Yes | Q22: congress | S22: NO | U22: NO | W22: Yes | X22: Yes | Y22: Yes | Z22: Yes | AA22: Verified | AB22: no band hai.. | AC22: inse baat ho gyi h
B23: Tuntun Prasad | C23: 8809723577 | K23: ROSERA | N23: Call Back Later | AB23: aadmi kahi bahar hai | AC23: bol rhi h avi nhi h
B24: Shil Kumar Roy | C24: 9931688723 | D24: 21 | E24: Male | F24: student | G24: hindu | H24: obc | I24: roy | J24: samastipur | K24: ROSERA | L24: rosera | M24: tehar beseriya | N24: Connected | O24: NO | P24: NO | S24: NO | U24: NO | W24: Yes | X24: Yes | Y24: NO | Z24: NO | AA24: Not Verified | AB24: student preparing for IS
B25: Vikash Kumar | C25: 7549354468 | D25: 27 | E25: Male | F25: private business | G25: hindu | H25: obv | I25: yadav | J25: samastipur | K25: ROSERA | L25: rosera | M25: tehar beseriya | N25: Connected | O25: Yes | P25: NO | S25: NO | U25: NO | W25: Yes | X25: Yes | Y25: NO | Z25: Yes | AA25: Verified | AB25: mauka diya ja sakta hai
B26: Anguri Praveen | C26: 9279115161 | D26: 35 | E26: Female | F26: housewife | G26: muslim | J26: samastipur | K26: ROSERA | L26: rosera | M26: tehar beseriya | N26: Connected | O26: NO | P26: NO | S26: NO | U26: NO | W26: Yes | X26: Yes | Y26: NO | Z26: Yes | AA26: Not Verified | AB26: confused prani hain
B27: Supanjan Kumar | C27: 8581921550 | D27: 24 | E27: Male | F27: student | G27: Hindu | H27: OBC | I27: yadav | J27: samastipur | K27: ROSERA | L27: rosera | M27: tehar beariya | N27: Call Back Later | O27: Yes | P27: Yes | Q27: congress | S27: Yes | U27: Yes | V27: unemployment | W27: Yes | X27: Yes | Y27: Yes | Z27: Yes | AA27: Verified | AB27: ghar pe nahin hain | AC27: inse baat ho.gyi h
B28: Ravish Kumar | C28: 9294998500 | K28: ROSERA | N28: Not Received | AB28: call receive nhi kiya gya | AC28: not received
B29: Nitish Kumar | C29: 9135100301 | K29: ROSERA | N29: Switch off | AB29: no off hai
B30: Praveen | C30: 9570553836 | D30: 19 | E30: Male | F30: student | G30: hindu | H30: obc | I30: yadav | J30: samastipur | K30: ROSERA | L30: shivajinagar | M30: kariyan | N30: Connected | O30: NO | P30: NO | S30: NO | U30: NO | W30: NO | X30: Yes | Y30: NO | Z30: NO | AA30: Not Verified
B31: Chandrasekhar | C31: 7654176258 | D31: 32 | F31: teacher | G31: hindu | H31: obc | I31: yadav | J31: samastipur | K31: ROSERA | L31: shivajinagar | M31: kariyan | N31: Connected | O31: Yes | P31: NO | S31: NO | U31: NO | W31: Yes | X31: Yes | Y31: NO | Z31: NO | AA31: Verified | AB31: mauka milega to accha kaam kar sakte hai
B32: Ikalq | C32: 9576419133 | D32: 21 | K32: ROSERA | N32: Connected | AA32: Not Verified | AB32: not interested at all
B33: Meraj Khan | C33: 8919244660 | K33: ROSERA | N33: Wrong No.
B34: Seraj Khan | C34: 7808552461 | K34: ROSERA | N34: Wrong No.
B35: Rohit Kumar | C35: 7491049631 | K35: ROSERA | N35: Switch off | AB35: not reachable or switch off
B36: Shankar Sahni | C36: — | K36: ROSERA | N36: Wrong No.
B37: Ranjit Sahni | C37: 7809496240 | K37: ROSERA | N37: Wrong No.
B38: Asha Devi | C38: — | K38: ROSERA | N38: Wrong No.
B39: Ram Dulari Devi | C39: — | K39: ROSERA | N39: Wrong No.
B40: Md Wasim | C40: 7491938414 | K40: ROSERA | N40: Wrong No.
B41: Rama Devi | C41: 8809443580 | E41: Female | K41: ROSERA | N41: Wrong No. | AB41: call recv nahi hua | AC41: not received
B42: Ashok Yadav | C42: 7369038675 | K42: ROSERA | N42: Wrong No. | AB42: wrong no hai koi v person nahi h iss naam ka
B43: Manoj Kumar | C43: 8709443505 | K43: ROSERA | N43: Connected | AD43: not interested
B44: Arun Yadav | C44: — | K44: ROSERA | N44: Wrong No.
B45: Mukesh Punjabi | C45: 6201760288 | K45: ROSERA | N45: Switch off | AB45: incoming not available | AC45: not incoming
B46: Dileep Yadav | C46: — | K46: ROSERA | N46: Wrong No.
B47: Anjali Kumari | C47: 6208773351 | K47: ROSERA | N47: Wrong No. | AB47: wrong number hai
B48: Sanju Kumar | C48: 6202824718 | K48: ROSERA | N48: Wrong No. | AB48: wrong number hai
B49: Dipesh Kumar | C49: — | K49: ROSERA | N49: Wrong No.
A51: AJAY KUMAR YADAV | B51: Akhilesh Kumar | C51: 700455198 | K51: GOPALGANJ | N51: Wrong No.
B52: Mohammad Kalimullah (Kalim Bhai) | C52: 7070520956 | D52: 42 | E52: Male | F52: ward member | H52: gen. | I52: minority | J52: GOPALGANJ | K52: GOPALGANJ | L52: uchka gao | M52: chota sake | N52: Connected | O52: Yes | P52: Yes | S52: NO | U52: Yes | W52: Yes | X52: Yes | Y52: Yes | Z52: Yes | AA52: Verified | AB52: postive
B53: Anita Tiwari | C53: 8828075239 | D53: 42 | E53: Female | F53: sachiv | G53: Hindu | H53: junral | J53: Gopalganj | K53: GOPALGANJ | L53: Gopalganj | M53: Gopalganj | N53: Connected | O53: Yes | P53: Yes | Q53: congress | S53: Yes | U53: Yes | W53: Yes | X53: Yes | Y53: Yes | Z53: Yes | AA53: Verified | AC53: inse baat ho gyi h
B54: Pankaj Shrivastav | C54: 7970485898 | D54: 35 | F54: block worker | G54: hindu | H54: general | J54: Gopalganj | K54: GOPALGANJ | L54: Gopalganj | M54: Gopalganj | N54: Connected | O54: Yes | P54: NO | S54: NO | U54: Yes | V54: personal | W54: Yes | X54: Yes | Y54: NO | Z54: Yes | AA54: Verified | AB54: positive
B55: Iftekhar Alam | C55: 8508984552 | E55: Male | K55: GOPALGANJ | N55: Switch off | AB55: invalid
B56: Qaumudin | C56: 9801298771 | D56: 52 | E56: Male | F56: business | G56: muslim | H56: sc | J56: Gopalganj | K56: GOPALGANJ | L56: Gopalganj | M56: jagari tola | N56: Connected | O56: Yes | P56: Yes | Q56: Rjb | S56: Yes | U56: Yes | W56: Yes | X56: Yes | Y56: NO | Z56: Yes | AA56: Verified | AC56: inse baat ho gyi
B57: Sameer Ansari | C57: 6201226233 | D57: 28 | E57: Male | F57: job | I57: ansari | K57: GOPALGANJ | L57: gopalganj | M57: ekdehwa | N57: Connected | O57: Yes | P57: NO | S57: Yes | U57: NO | W57: Yes | X57: Yes | Y57: Yes | Z57: Yes | AA57: Verified | AB57: postive
B58: Irshad Ansari | C58: 6299424250 | D58: 18 | E58: Male | F58: student | G58: muslim | H58: OBC | I58: Ansari | J58: Gopalganj | K58: GOPALGANJ | L58: Gopalganj | M58: Babu bisunpu | N58: Connected | O58: Yes | P58: NO | S58: Yes | U58: NO | W58: Yes | X58: Yes | Y58: NO | Z58: Yes | AA58: Verified | AC58: inse baat ho gyi h
B59: Manjeet Yadav | C59: 7004567973 | D59: 22 | E59: Male | F59: student | G59: Hindu | H59: OBC | I59: yadav | J59: Gopalganj | K59: GOPALGANJ | L59: Gopalganj | M59: Gopalganj | N59: Connected | O59: Yes | P59: Yes | Q59: congress | S59: Yes | U59: Yes | W59: Yes | X59: Yes | Y59: Yes | Z59: Yes | AA59: Verified | AC59: inse baat ho gyi h
B60: Dharmendra Kumar | C60: 9110185905 | D60: 27 | E60: Male | F60: student | G60: Hindu | H60: sc | J60: Gopalganj | K60: GOPALGANJ | L60: Thabe | M60: jagamalba | N60: Connected | O60: Yes | P60: NO | S60: Yes | U60: Yes | W60: Yes | X60: Yes | Y60: NO | AA60: Verified | AC60: Gopalganj me hi kr skte h
B61: Azal Ali | C61: 7070082432 | E61: Male | K61: GOPALGANJ
B62: Abdul Ansari | C62: 9955332296 | D62: 35 | E62: Male | F62: social worker | G62: hindu | H62: obc | I62: ansari | J62: Gopalganj | K62: GOPALGANJ | L62: thave | M62: videshi tola | N62: Connected | O62: Yes | P62: Yes | Q62: prakhand upadhyaksh | S62: Yes | U62: Yes | V62: public issues | W62: Yes | X62: Yes | Y62: Yes | Z62: Yes | AA62: Verified | AB62: positive
B63: Saheb Kumar Ram | C63: 8969737119 | K63: GOPALGANJ | N63: Not Received | AC63: call cut
B64: Jiut Kumar Ram | C64: 7763985955 | D64: 25 | E64: Male | F64: student | G64: hindu | H64: sc | I64: ram | K64: GOPALGANJ | L64: thawe | M64: videshi tola | N64: Connected | O64: Yes | P64: Yes | Q64: jan suraj | S64: NO | U64: Yes
B65: Nilu Kumari Yadav | C65: 7541864152 | K65: GOPALGANJ | N65: Not Received | W65: Yes | X65: Yes | Y65: Yes | Z65: Yes | AA65: Verified | AB65: postive
B66: Faim Akhtar | C66: 7250748770 | D66: 39 | E66: Male | F66: business | G66: islam | H66: gen | I66: Muslim | J66: Gopalganj | K66: GOPALGANJ | L66: thawe | M66: vrindavan | N66: Connected | O66: Yes | P66: NO | S66: NO | U66: NO | W66: Yes | X66: Yes | Y66: Yes | Z66: Yes | AA66: Verified | AB66: positive
B67: Sanjay Ram | C67: 8757904358 | D67: 30 | E67: Male | F67: unemployment | H67: sc | I67: ram | K67: GOPALGANJ | L67: GOPALGANJ | M67: hitbharwa | N67: Connected | O67: Yes | P67: NO | S67: NO | U67: NO | W67: Yes | X67: Yes | Y67: Yes | Z67: Yes | AA67: Verified | AB67: postive
B68: Avdesh Ram | C68: 9128325958 | D68: 36 | E68: Male | F68: farmer | H68: sc | I68: ram | K68: GOPALGANJ | L68: GOPALGANJ | M68: yadavpur dukhharan | N68: Connected | O68: Yes | P68: Yes | Q68: congress | S68: Yes | U68: Yes | W68: Yes | X68: Yes | Y68: Yes | Z68: Yes | AA68: Verified | AB68: postive
B69: Mir Hasan Ansari | C69: 7292840205 | D69: 40 | E69: Male | F69: politics | H69: muslim | K69: GOPALGANJ | L69: GOPALGANJ | M69: yadavpur dukhharan | N69: Connected | O69: Yes | P69: Yes | Q69: congress | S69: Yes | T69: nal jal | U69: NO | W69: Yes | X69: Yes | Y69: Yes | Z69: Yes | AA69: Verified | AB69: postive
B70: Ramakant Mukhiya | C70: 7781044868 | D70: 43 | E70: Male | F70: labour | I70: bin | K70: GOPALGANJ | L70: GOPALGANJ | M70: yadavpur dukhharan | N70: Connected | O70: Yes | P70: Yes | Q70: congress | S70: NO | U70: Yes | W70: Yes | X70: Yes | Y70: Yes | Z70: Yes | AA70: Verified | AB70: postive
B71: Yogeshwar Prasad | C71: 9852224295 | D71: 28 | E71: Male | F71: student | H71: obc | K71: GOPALGANJ | M71: khajepur | N71: Connected | O71: Yes | P71: Yes | Q71: congress
B72: Anwarul Ansari | C72: 9771957573 | K72: GOPALGANJ | N72: Switch off
B73: Arman Ali | C73: 9852081425 | K73: GOPALGANJ | N73: Connected | AB73: not intrested
B74: Mukesh Kumar Jayswal | C74: 8084996655 | K74: GOPALGANJ | N74: Not Received | AB74: cnr
B75: Rambabu Mahto | C75: 8969253849 | D75: 28 | E75: Male | F75: student | H75: obc | I75: chauhan | K75: GOPALGANJ | L75: uchka gai | M75: parsuni khaas | N75: Connected | O75: Yes | P75: NO | S75: Yes | U75: Yes | W75: Yes | X75: Yes | Y75: Yes | Z75: Yes | AA75: Verified | AB75: postive
A76: AJAY KUMAR YADAV | B76: VOLUNTEER
B78: Jitendra Prasad | C78: 9103990159 | D78: 42 | E78: Male | F78: kisan | G78: hindu | H78: obc | I78: kurmi | J78: Gopalganj | K78: GOPALGANJ | L78: Gopalganj | M78: majhagadh purvi | N78: Connected | O78: Yes | P78: Yes | Q78: inc | R78: prakhand mahasachiv | S78: Yes | T78: public issues solved | U78: Yes | V78: public issues | W78: Yes | X78: Yes | Y78: Yes | Z78: Yes | AA78: Verified | AB78: positive
B79: Shamsul Haque Azad | C79: 7738043744 | K79: GOPALGANJ | N79: Not Received | AB79: cnr
B80: Chancee Yadav | C80: 8804210544 | D80: 24 | E80: Male | F80: politics | G80: Hindu | H80: obc | I80: yadav | J80: Gopalganj | K80: GOPALGANJ | L80: Gopalganj | M80: jadupur dukharan | N80: Connected | O80: Yes | P80: Yes | Q80: inc | R80: panchayat adhyaksh | S80: Yes | T80: public issues | U80: Yes | V80: public issues | W80: Yes | X80: Yes | Y80: Yes | Z80: Yes | AA80: Verified | AB80: positive
B81: Mohammad Sabre | C81: 9135051430 | K81: GOPALGANJ | N81: Call Back Later
B82: Harinath Manjhi | C82: 7479995605 | K82: GOPALGANJ | N82: Not Received | AB82: cnr
B83: Tarkeshwar Kumar | C83: 9934256300 | D83: 22 | E83: Male | F83: job | H83: Sc | I83: ram | J83: GOPALGANJ | K83: GOPALGANJ | L83: uchka gai | M83: parsuni khaas | N83: Connected | O83: Yes | P83: Yes | S83: Yes | U83: Yes | W83: Yes | X83: Yes | Y83: Yes | Z83: Yes | AA83: Verified | AB83: postive
B84: Arman Ali | C84: 8521122172 | K84: GOPALGANJ | N84: Switch off | AB84: so
B85: Washim Akram | C85: 9534696050 | D85: 37 | E85: Male | F85: job | H85: ebc | K85: GOPALGANJ | L85: thawe | M85: semara | N85: Connected | O85: Yes | P85: NO | S85: Yes | U85: Yes | V85: palyan | W85: Yes | X85: Yes | Y85: Yes | Z85: Yes | AA85: Verified | AB85: postive
B86: Ish Mohammad | C86: 8929720779 | K86: GOPALGANJ | N86: Connected | AB86: wrong person
B87: Zishan Ali | C87: 9525720217 | K87: GOPALGANJ | N87: Switch off | AB87: so
B88: Sunny Sayyed | C88: 7247446652 | D88: 25 | E88: Male | F88: business | G88: islam | H88: muslim | I88: obc | K88: GOPALGANJ | N88: Call Back Later | AB88: not interested
B89: Jhingur Mushar | C89: 7781044868 | K89: GOPALGANJ | N89: Wrong No.
B90: Kalamudin Alam | C90: 9792522955 | D90: 35 | E90: Male | F90: unemployment | H90: muslim | K90: GOPALGANJ | L90: gopalganj | M90: yadavpur sukal | N90: Connected | O90: NO | P90: NO | S90: Yes | U90: Yes | W90: Yes | X90: Yes | Y90: Yes | Z90: Yes | AA90: Verified | AB90: postive
A92: CAPTAIN DEEPU | B92: Subodh Kumar | C92: 7091332065 | D92: 31 | E92: Male | F92: job | I92: kushwaha | K92: ARWAL | L92: karpi | M92: keyal | N92: Connected | O92: Yes | P92: Yes | S92: Yes | T92: people help | U92: Yes | W92: Kuch Had Tak | X92: Yes | Y92: Yes | Z92: Yes | AA92: Verified
B93: Rajkumar | C93: 7488751378 | D93: 31 | E93: Male | F93: business | G93: Hindu | H93: obc | I93: yadav | J93: Arwal | K93: ARWAL | L93: Arwal | M93: saurati | N93: Connected | O93: Yes | P93: Yes | S93: Yes | U93: Yes | W93: Bahut | X93: Yes | Y93: Yes | Z93: Yes | AA93: Verified
B94: Ujjwal Kumar | C94: 8873613785 | D94: 25 | E94: Male | F94: unemployment | I94: ram | K94: ARWAL | L94: karpi | M94: belkhara | N94: Connected | O94: Yes | P94: NO | S94: Yes | T94: nal jal | U94: Yes | V94: road problem | W94: Bahut | X94: Yes | Y94: Yes | Z94: Yes | AA94: Verified
B95: Arjun Singh | C95: 9631229048 | D95: 65 | E95: Male | F95: kisan | G95: hindu | H95: obc | I95: obc | J95: arval | K95: ARWAL | L95: karki | M95: saharsenta | N95: Connected | O95: Yes | P95: Yes | Q95: inc | R95: panchayat adhyaksh | S95: Yes | T95: public issues | U95: Yes | V95: nali | W95: Bahut | X95: Yes | Y95: Yes | Z95: Yes | AA95: Verified
B96: Sikandar Kumar | C96: 7033959812 | D96: 23 | E96: Male | F96: student | G96: hindu | H96: obc | I96: kuswaha | J96: arwal | K96: ARWAL | L96: arwal | M96: kyal | N96: Connected | O96: Yes | P96: Yes | Q96: inc | S96: NO | U96: NO | W96: Bahut | X96: Yes | Y96: NO | Z96: Yes | AA96: Verified
B97: Vikas Kumar | C97: 7543966608 | D97: 25 | E97: Male | K97: ARWAL | N97: Busy
B98: Pappu Kumar | C98: 8757752901 | D98: 24 | E98: Male | F98: business | I98: yadav | K98: ARWAL | L98: karpi | M98: keyal | N98: Connected | O98: Yes | P98: NO | S98: Yes | T98: mnerega | U98: NO | W98: Bahut | X98: Yes | Y98: Yes | Z98: Yes | AA98: Verified
B99: Arvind Kumar | C99: 8340511206 | K99: ARWAL | N99: Switch off
B100: Sanjay Kumar | C100: 7484042954 | D100: 47 | F100: job | I100: carpenter | K100: ARWAL | L100: karpi | M100: keyal | N100: Connected | O100: Yes | S100: NO | U100: Yes | V100: water problem | W100: Kuch Had Tak | X100: Yes | Y100: Yes | Z100: Yes | AA100: Verified
B101: Pramila Kumari | C101: 9835600213 | D101: 34 | E101: Female | F101: job | G101: hindu | H101: obc | I101: yadav | J101: arwal | K101: ARWAL | L101: karpi | M101: keyal | N101: Connected | O101: Yes | P101: NO | S101: NO | U101: NO | W101: Bahut | X101: Yes | Y101: NO | Z101: NO | AA101: Verified
B102: Indu Kumari | C102: 9504143372 | D102: 35 | E102: Female | F102: jeevika | G102: Hindu | H102: obc | I102: garerai | J102: arwal | K102: ARWAL | L102: andhra chak | M102: keyal | N102: Connected | O102: Yes | P102: Yes | S102: Yes | U102: Yes | V102: water problem | W102: Bahut | X102: Yes | Y102: NO | Z102: Yes | AA102: Verified
B103: Akshay Kumar | C103: 6206365883 | D103: 21 | E103: Male | F103: business | G103: Hindu | H103: sc | I103: ram | J103: arwal | K103: ARWAL | L103: karpi | M103: kheyal | N103: Connected | O103: Yes | P103: NO | S103: Yes | U103: Yes | V103: gao ka vikash | W103: Bahut | X103: Yes | Y103: Yes | Z103: Yes | AA103: Verified
...

Sheet LAKHISARAI AC
A1: SLP List Assembly: LAKHISARIA Training Date & Time: 13th Sept, 12pm - 2pm Location: KSS College,Chitranjan Ashram, Congress Office, Lakhisarai Field Coordinator: ASHUTOSH
A8: Sr. No. | B8: Name | C8: Mobile Number | D8: Calling Status 11th Sept | E8: Confirmation Status | F8: Remarks | G8: Calling Status 13th Sept | H8: Confirmation Status | I8: Remarks
A9: 1 | B9: Mamta Kumari | C9: 9507715363 | D9: Connected | E9: CONFIRMED | G9: Connected | H9: NOT CONFIRMED | I9: Bahar aaye h
A10: 2 | B10: Sunil Ram | C10: 7320939575 | D10: Connected | E10: NOT CONFIRMED | F10: out of Bihar gye h | G10: Connected | H10: NOT CONFIRMED | I10: Delhi me h
A11: 3 | B11: Dinesh Chandravanshi | C11: 9031845336 | D11: Connected | E11: CONFIRMED | G11: Connected | H11: CONFIRMED | I11: pahuch rhe h
A12: 4 | B12: Rajeev Kahar | C12: 9097447464 | D12: Connected | E12: CONFIRMED | G12: Connected | H12: CONFIRMED | I12: jaa rhe h
A13: 5 | B13: Sanjay Rajak
A14: 6 | B14: Jay prakash Gupta | C14: 9525777797 | D14: Connected | E14: CONFIRMED | G14: Connected | H14: CONFIRMED | I14: jaa rhe h
A15: 7 | B15: Sunil Gupta | C15: 7870221640 | D15: Connected | E15: CONFIRMED | G15: Connected | H15: CONFIRMED | I15: Raste mein h
A16: 8 | B16: Babita Devi | C16: 9065787538 | D16: Connected | E16: CONFIRMED | G16: Not Received
A17: 9 | B17: Akhilesh Yadav | C17: 9572397596 | D17: Connected | E17: CONFIRMED | G17: Not Received
A18: 10 | B18: Uma Bharti | C18: 9006355200 | D18: Connected | E18: CONFIRMED | G18: Not Received
A19: 11 | B19: Radha Kumari | C19: 9934038031 | D19: Connected | E19: CONFIRMED | G19: Switch off
A20: 12 | B20: Rachit Ram | C20: 8084364396 | D20: Connected | E20: CONFIRMED | G20: Connected | H20: NOT CONFIRMED | I20: Nhi jayenge
A21: 13 | B21: Vasant Manjhi | C21: 8521959005 | D21: Connected | E21: CONFIRMED | G21: Not Received
A22: 14 | B22: Manoj Ram | C22: 9576811510, 6203911406 | D22: Connected | E22: CONFIRMED | G22: Connected | H22: CONFIRMED
A23: 15 | B23: Bambam Paswan | C23: 7004044848, 7633919829 | D23: Wrong No. | G23: Connected | I23: wrong no
A24: 16 | B24: Ram kumar Paswan | C24: 6203281834 | D24: Connected | E24: CONFIRMED | G24: Not Received
A25: 17 | B25: Rekha Devi | C25: 8292547763 | D25: Connected | E25: CONFIRMED | G25: Connected | H25: CONFIRMED | I25: Pahuch gye h
A26: 18 | B26: Vishakha Kumari | C26: 9031366194 | D26: Connected | E26: CONFIRMED | G26: Not Received
A27: 19 | B27: Ganga Rajak | C27: 7970406319 | D27: Connected | E27: CONFIRMED | G27: Connected | H27: CONFIRMED | I27: Pahuch gye h
A28: 20 | B28: Harish Kumar Pandey | C28: 9097369597 | D28: Connected | E28: CONFIRMED | G28: Connected | H28: CONFIRMED
A29: 21 | B29: Prem Kumar Sinha
A30: 22 | B30: Naval Ram | C30: 7549954288 | D30: Connected | E30: CONFIRMED | G30: Connected | H30: NOT CONFIRMED | I30: Bahar Hai abhi
A31: 23 | B31: Md. Waris | C31: 9504044988 | D31: Connected | E31: CONFIRMED | G31: Connected | H31: NOT CONFIRMED | I31: kuch kaam tha nhi aayenge
A32: 24 | B32: Vikas Sahu | C32: 7488799643 | D32: Connected | E32: CONFIRMED | G32: Connected | H32: CONFIRMED
A33: 25 | B33: Pintu Thakur | C33: 6204476435 | D33: Connected | E33: CONFIRMED | G33: Not Received
A34: 26 | B34: Arvind Yadav | C34: 8804953630 | D34: Connected | E34: CONFIRMED | G34: Connected | H34: CONFIRMED
A35: 27 | B35: Anandi Bind | C35: 8603064834 | D35: Connected | E35: CONFIRMED | G35: Connected | H35: CONFIRMED
A36: 28 | B36: Dayanand Yadav | C36: 8969915789 | D36: Connected | E36: CONFIRMED | G36: Connected | H36: CONFIRMED
A37: 29 | B37: Raana Yadav | C37: 8210611872 | D37: Connected | E37: CONFIRMED | G37: Switch off
A38: 30 | B38: ShivNandan Mahto | C38: 9852567270 | D38: Not Received | G38: Not Received
A39: 31 | B39: Annapurna Devi | C39: 7061618704 | D39: Connected | E39: CONFIRMED | G39: Not Received
A40: 32 | B40: Pankaj Kumar Verma | C40: 9472226808 | D40: Connected | E40: CONFIRMED | G40: Connected | H40: NOT CONFIRMED | I40: Nhi jayenge
A41: 33 | B41: Sarita Devi | C41: 8340599978 | D41: Connected | E41: CONFIRMED | G41: Connected | H41: CONFIRMED
A42: 34 | B42: Choti Khatton | C42: 6205369824 | D42: Connected | E42: CONFIRMED | G42: Connected | H42: NOT CONFIRMED
A43: 35 | B43: Roshan Khatoon | C43: 8252208657 | D43: Connected | E43: CONFIRMED | G43: Busy
A44: 36 | B44: Kameshwar Manjhi | C44: 8210916152 | D44: Connected | E44: CONFIRMED | G44: Busy
A45: 37 | B45: Ajay Yadav | C45: 6207116440 | D45: Connected | E45: CONFIRMED | G45: Not Received
A46: 38 | B46: Neeraj mandal | C46: 8581894200 | D46: Connected | E46: CONFIRMED | G46: Not Received
A47: 39 | B47: Vikas Kumar | C47: 8252112419 | D47: Connected | E47: CONFIRMED | G47: Connected | H47: NOT CONFIRMED
A48: 40 | B48: Vibha mahto | C48: 7903452403 | D48: Connected | E48: CONFIRMED | F48: kosis krege aane ka | G48: Switch off
A49: 41 | B49: Hemant mahto | C49: 9631024249 | D49: Switch off | F49: number amany h | G49: Switch off
A50: 42 | B50: Babita Devi | C50: 7061882848 | D50: Not Received | G50: Connected | H50: NOT CONFIRMED
A51: 43 | B51: Md Izhar alam | C51: 9122204490 | D51: Not Received | G51: Connected | H51: NOT CONFIRMED | I51: nhi aa payenge
A52: 44 | B52: Ashok Ram | C52: 9801448859 | D52: Connected | E52: CONFIRMED | G52: Connected | H52: NOT CONFIRMED | I52: nhi aa payenge
A53: 45 | B53: Hakim Paswan | C53: 9431081394 | D53: Connected | E53: CONFIRMED | G53: Switch off
A54: 46 | B54: Parmanand Mandal | C54: 8002956356 | D54: Connected | E54: CONFIRMED | G54: Connected | H54: NOT CONFIRMED | I54: nhi ayenge
A55: 47 | B55: Prabhat kumar | C55: 7277169850 | D55: Connected | E55: CONFIRMED | G55: Connected | H55: NOT CONFIRMED | I55: nhi aa payenge
A56: 48 | B56: Pawan Sahni | C56: 8083230955, 7258876192 | D56: Connected | E56: CONFIRMED | G56: Not Received
A57: 49 | B57: Satrudhan Singh | C57: 9504045039 | D57: Connected | E57: CONFIRMED | G57: Connected | H57: NOT CONFIRMED | I57: nhi ayenge
A58: 50 | B58: Loha singh | C58: 9835476062 | D58: Connected | E58: CONFIRMED | G58: Connected | H58: NOT CONFIRMED
A59: 51 | B59: Jyoti Thakur | C59: 9877964534 | D59: Connected | E59: CONFIRMED | G59: Connected | H59: NOT CONFIRMED | I59: nhi ayengi
A60: 52 | B60: Ram Pravesh kumar Yadav | C60: 6203819093 | D60: Switch off | F60: out of network | G60: Connected | H60: CONFIRMED
A61: 53 | B61: Pramod Malik | C61: 7479771151 | D61: Connected | E61: CONFIRMED | G61: Not Received
A62: 54 | B62: Sachin kumar | C62: 9304074624 | D62: Connected | E62: CONFIRMED | G62: Switch off
A63: 55 | B63: Rahul Mahto | C63: 7277643554 | D63: Connected | E63: CONFIRMED | G63: Connected | H63: NOT CONFIRMED
A64: 56 | B64: Mahesh Singh | C64: 9931895963 | D64: Connected | E64: CONFIRMED | G64: Connected | H64: CONFIRMED
A65: 57 | B65: Ajay Kumar Singh | C65: 9973539669 | D65: Connected | E65: CONFIRMED | G65: Switch off
A66: 58 | B66: ASHISH PASWAN | C66: 8102218267 | D66: Not Received | G66: Connected | H66: NOT CONFIRMED | I66: bahar gye h
A67: 59 | B67: SUNNY PASWAN | C67: 6205236661 | D67: Connected | E67: CONFIRMED | G67: Not Received
A68: 60 | B68: Sunil kumar | C68: 9709761432 | D68: Connected | E68: CONFIRMED | G68: Connected | H68: NOT CONFIRMED | I68: hospital issues
A69: 61 | B69: Abhay Kumar singh - Sonu | C69: 9431257212 | D69: Connected | E69: CONFIRMED | G69: Connected | H69: CONFIRMED
A70: 62 | B70: Manoj bharti | C70: 9006738320 | D70: Connected | E70: CONFIRMED | G70: Connected | H70: CONFIRMED
A71: 63 | B71: Uchit Yadav | C71: 8292293427 | D71: Not Received | G71: Switch off
A72: 64 | B72: Asgar Shah | C72: 7739103247 | D72: Connected | E72: CONFIRMED | G72: Switch off
A73: 65 | B73: Rampravesh Paswan | C73: 9939355543 | D73: Switch off | F73: not incoming | G73: Switch off
A74: 66 | B74: Sanjay Yadav | C74: 9123136364 | D74: Connected | E74: CONFIRMED | G74: Connected | H74: CONFIRMED
A75: 67 | B75: Mamta Mahto | C75: 6204018202 | D75: Switch off | G75: Not Received

Sheet HARLAKHI AC
A1: SLP List Assembly: HARLAKHI Training Date & Time: 4TH SEPTEMBER Location:-UMGAON Field Coordinator: ZARTAB ALAM
A6: Sr. No. | B6: Name | C6: Mobile Number | E6: Calling Status 3rd September | F6: Confirmation Status
B7: Hariom Kumar | C7: 7050720310 | E7: Call Back Later
A8: 2 | B8: Bhavem Kumar Mahto | C8: 7050499388 | E8: Wrong No.
A9: 3 | B9: Jyoti Kumari | C9: 6200854663 | E9: Call Back Later
A10: 4 | B10: Ramam Spasht | C10: 8298179247 | E10: Connected
A11: 5 | B11: Anjali Kumari | C11: 8340248951 | E11: Connected | F11: CONFIRMED
A12: 6 | B12: Gokulanand Jhap | C12: 7260869523 | E12: Switch off
A13: 7 | B13: Subhash Yadav | C13: 7488340121 | E13: Switch off
A14: 8 | B14: Vivek Kumar Mahto | C14: 9661084733 | E14: Connected | F14: CONFIRMED
A15: 9 | B15: Anjali Kumari | C15: 6201897459 | E15: Switch off
A16: 10 | B16: Sitesh Kumar Paswan | C16: 9631275390 | E16: Connected | F16: NOT CONFIRMED
A17: 11 | B17: Govind Mahto | C17: 9973734918 | E17: Connected | F17: CONFIRMED
A18: 12 | B18: Naresh Shah | C18: 8084651416 | E18: Connected
A19: 13 | B19: Md Sohail | C19: 7764079174 | E19: Connected
A20: 14 | B20: Mohammad Shafique | C20: 9871828656 | E20: Connected | F20: CONFIRMED
A21: 15 | B21: Naresh | C21: 7070832712 | E21: Connected
A24: ASSEMBLY COORDINATOR (LEADER NAME) | B24: NAME | C24: NUMBER | E24: AGE | F24: GENDER | G24: PROFESSION | H24: RELIGION | I24: CATEGORY | J24: CASTE | K24: DISTRICT | L24: ASSEMBLY | M24: BLOCK | N24: PANCHAYAT | O24: Calling Status | P24: 1. क्या आप राजनीतिक या सामाजिक कार्य में रूचि रखते हैं? (हां/नहीं) | Q24: 2. क्या आप वर्तमान में किसी सामाजिक या राजनैतिक संगठन से जुड़े हैं? (हाँ / नहीं) | R24: संगठन का नाम (यदि हाँ): | S24: भूमिका (1-2 शब्द): | T24: 3. आपने अब तक अपने क्षेत्र में कोई सामाजिक या जन सरोकार का कार्य किया है? (हाँ / नहीं) | U24: यदि हाँ, तो एक उदाहरण दें: | V24: 4. क्या आपने कभी किसी जनप्रतिनिधि से जनता के मुद्दों को लेकर बात की है? (हाँ / नहीं) | W24: यदि हाँ, तो मुद्दा: | X24: 5. सामाजिक न्याय और समानता आपके लिए कितनी महत्वपूर्ण है? (बहुत / कुछ हद तक / नहीं) | Y24: 6. क्या आप मानते हैं कि भारतीय संविधान की बातें – न्याय, स्वतंत्रता, समानता, बंधुत्व – ज़मीनी स्तर तक पहुंचें? (हाँ / नहीं) | Z24: 7. क्या आप कांग्रेस पार्टी द्वारा चलाए जा रहे संविधान लीडरशिप प्रोग्राम के बारे में जानते हैं? (हां/नहीं) (यदि नहीं तो संविधान लीडरशिप प्रोग्राम के बारे में जानकारी- ) | AA24: 8. क्या आप इस प्रोग्राम में नेतृत्व की भूमिका निभाने को तैयार हैं? (हाँ / नहीं / विचार कर रहा/रही हूं) | AB24: Verification Status | AC24: Remarks
B25: Hariom Kumar | C25: 7050720310 | E25: 22 | F25: Male | K25: Madhubani | L25: Harlakhi | O25: Call Back Later
B26: Bhavem Kumar Mahto | C26: 7050499388 | K26: Madhubani | L26: Harlakhi | O26: Wrong No.
B27: Jyoti Kumari | C27: 6200854663 | E27: 24 | F27: Female | G27: no | H27: Hindu | I27: obc | K27: Madhubani | L27: Harlakhi | M27: harlakhi | O27: Call Back Later
B28: Ramam Spasht | C28: 8298179247 | E28: 25 | F28: Male | G28: ward | H28: Hindu | J28: teli | K28: Madhubani | L28: Harlakhi | O28: Connected | AC28: sahi se baat nahin kar raha hai बार-बार call Kat de raha hai
B29: Anjali Kumari | C29: 8340248951 | E29: 19 | F29: Female | G29: no | H29: Hindu | I29: ebc | K29: Madhubani | L29: Harlakhi | M29: harlakhi | N29: harlakhi | O29: Connected | P29: Yes | Q29: NO | Z29: NO | AA29: Yes | AB29: Verified
B30: Gokulanand Jhap | C30: 7260869523 | K30: Madhubani | L30: Harlakhi | O30: Switch off
B31: Subhash Yadav | C31: 7488340121 | K31: Madhubani | L31: Harlakhi | O31: Switch off
B32: Vivek Kumar Mahto | C32: 9661084733 | D32: 19 | E32: 19 | F32: Male | G32: no | H32: Hindu | I32: obc | J32: kuswaha | K32: Madhubani | L32: Harlakhi | M32: harlakhi | N32: harlakhi | O32: Connected | P32: Yes | Q32: NO | Z32: NO | AA32: Yes | AB32: Verified
B33: Anjali Kumari | C33: 6201897459 | K33: Madhubani | L33: Harlakhi | O33: Switch off
B34: Sitesh Kumar Paswan | C34: 9631275390 | E34: 29 | F34: Male | G34: no | H34: Hindu | I34: sc | J34: paswan | K34: Madhubani | L34: Harlakhi | M34: benipatti | N34: akur | O34: Connected | P34: Yes | Q34: Yes | R34: congress | Z34: Yes | AA34: Yes | AB34: Not Verified | AC34: state secretary( IYC)
B35: Govind Mahto | C35: 9973734918 | E35: 33 | F35: Male | G35: ward | H35: Hindu | I35: ebc | J35: mahato | K35: Madhubani | L35: Harlakhi | M35: harlakhi | N35: gor harhar | O35: Connected | P35: Yes | Q35: Yes | R35: rjd | S35: warker | Z35: Yes | AA35: Yes | AB35: Verified
B36: Naresh Shah | C36: 8084651416 | E36: 43 | F36: Male | H36: Hindu | I36: obc | K36: Madhubani | L36: Harlakhi | M36: harlakhi | O36: Connected | AC36: bhole ki jartabalam se baat karenge tab aapse baat karenge aur call Kat Diya
B37: Md Sohail | C37: 7764079174 | K37: Madhubani | L37: Harlakhi | O37: Connected | AC37: iska Madhubani vidhansabha hai
B38: Mohammad Shafique | C38: 9871828656 | E38: 41 | F38: Male | G38: no | H38: muslim | I38: sc | J38: rain | K38: Madhubani | L38: Harlakhi | M38: suthgao | N38: umgaon | O38: Connected | P38: Yes | Q38: NO | Z38: Yes | AA38: Yes | AB38: Verified
B39: Naresh | C39: 7070832712 | K39: Madhubani | L39: Harlakhi | O39: Connected | AC39: poochhne ke bad call Kat Diya

Sheet WAZIRGANJ AC
A1: SLP List Assembly: WAZIRGANJ Training Date & Time: 7th AUGUST, 1:00 PM Location:RAGHUNANDAN JI RESTURANT , GAYA NAWAD ROAD(NEAR FLYDINE RESTURANT) Field Coordinator:PRANAV
A8: Sr. No. | B8: Name | C8: Mobile Number | D8: 26th July Calling Status | E8: Confirmation Status | F8: Remarks
A9: 1 | B9: Ishwar Dayal | C9: 8757711231 | D9: Not Received
A10: 2 | B10: Ranjeet Kumar | C10: 7857823003 | D10: Connected
A11: 3 | B11: Vikram Kumar | C11: 9955738758 | D11: Not Received
A12: 4 | B12: Deepak Kumar | C12: 766764867 | D12: Wrong No.
A13: 5 | B13: Shiv Shankar | C13: 6202559388 | D13: Not Received
A14: 6 | B14: Praveen Kumar | C14: 9690245343 | D14: Connected
A15: 7 | B15: Mohit Kumar | C15: 9693505248
A16: 8 | B16: Sanjay Kumar | C16: 9471839543
A17: 9 | B17: Dhirendar Kumar | C17: 9097018111 | D17: Connected
A18: 10 | B18: Chhotu Kumar | C18: 8229059662 | D18: Connected
A19: 11 | B19: Raushan Kumar | C19: 8757014710 | D19: Connected
A20: 12 | B20: Dindayal Kumar | C20: 9304531815 | D20: Call Back Later
A21: 13 | B21: Ajay Kumar | C21: 8709839243 | D21: Connected
A22: 14 | B22: Sujit Kumar | C22: 9142773498 | D22: Not Received
A23: 15 | B23: Vinay Kumar | C23: 9708837524 | D23: Connected
A24: 16 | B24: Ravi Kumar | C24: 7903413989 | D24: Connected
A25: 17 | B25: Nagendra Kumar | C25: 9155758492 | D25: Connected
A26: 18 | B26: Vikash Kumar | C26: 7739730459 | D26: Connected
A27: 19 | B27: Akash Kumar | C27: 7903009934 | D27: Connected
A28: 20 | B28: Rajeev Kumar | C28: 9262260506 | D28: Connected
... A34: 26 | B34: Nitish Kumar | C34: 6209661405 | D34: Connected
A37: ASSEMBLY COORDINATOR (LEADER NAME) | B37: NAME | C37: NUMBER | D37: AGE | E37: GENDER | F37: PROFESSION | G37: RELIGION | H37: CATEGORY | I37: CASTE | J37: DISTRICT | K37: ASSEMBLY | L37: BLOCK | M37: PANCHAYAT | N37: Calling Status | O37: 1. क्या आप राजनीतिक या सामाजिक कार्य में रूचि रखते हैं? (हां/नहीं) | P37: 2. क्या आप वर्तमान में किसी सामाजिक या राजनैतिक संगठन से जुड़े हैं? (हाँ / नहीं) | Q37: संगठन का नाम (यदि हाँ): | R37: भूमिका (1-2 शब्द): | S37: 3. आपने अब तक अपने क्षेत्र में कोई सामाजिक या जन सरोकार का कार्य किया है? (हाँ / नहीं) | T37: यदि हाँ, तो एक उदाहरण दें: | U37: 4. क्या आपने कभी किसी जनप्रतिनिधि से जनता के मुद्दों को लेकर बात की है? (हाँ / नहीं) | V37: यदि हाँ, तो मुद्दा: | W37: 5. सामाजिक न्याय और समानता आपके लिए कितनी महत्वपूर्ण है? (बहुत / कुछ हद तक / नहीं) | X37: 6. क्या आप मानते हैं कि भारतीय संविधान की बातें – न्याय, स्वतंत्रता, समानता, बंधुत्व – ज़मीनी स्तर तक पहुंचें? (हाँ / नहीं) | Y37: 7. क्या आप कांग्रेस पार्टी द्वारा चलाए जा रहे संविधान लीडरशिप प्रोग्राम के बारे में जानते हैं? (हां/नहीं) (यदि नहीं तो संविधान लीडरशिप प्रोग्राम के बारे में जानकारी- ) | Z37: 8. क्या आप इस प्रोग्राम में नेतृत्व की भूमिका निभाने को तैयार हैं? (हाँ / नहीं / विचार कर रहा/रही हूं) | AA37: Verification Status | AB37: Remarks
A38: PRANAV | B38: Ishwar Dayal | C38: 8757711231 | J38: GAYA | K38: WAZIRGANJ | N38: Not Received
B39: Ranjeet Kumar | C39: 7857823003 | J39: GAYA | K39: WAZIRGANJ | N39: Connected | AB39: not interested
B40: Vikram Kumar | C40: 9955738758 | J40: GAYA | K40: WAZIRGANJ | N40: Not Received
B41: Deepak Kumar | C41: 766764867 | J41: GAYA | K41: WAZIRGANJ | N41: Wrong No.
B42: Shiv Shankar | C42: 6202559388 | J42: GAYA | K42: WAZIRGANJ | N42: Not Received
B43: Praveen Kumar | C43: 9690245343 | D43: 22 | E43: Male | F43: business | G43: Hindu | H43: obc | I43: kushvaha | J43: GAYA | K43: WAZIRGANJ | L43: manpur | M43: lakhanpur | N43: Connected | O43: Yes | P43: Yes | Q43: bjp | R43: waker
B44: Mohit Kumar | C44: 9693505248 | J44: GAYA | K44: WAZIRGANJ | N44: NOT INTRESTED
B45: Sanjay Kumar | C45: 9471839543 | J45: GAYA | K45: WAZIRGANJ | N45: NOT INTRESTED | AB45: hamare pass samay nahin Hai meeting mein nahin Ja payenge aur call Kat Diya
B46: Dhirendar Kumar | C46: 9097018111 | D46: 35 | E46: Male | F46: teacher | G46: Hindu | H46: obc | I46: Yadav | J46: GAYA | K46: WAZIRGANJ | L46: manpur | M46: baragedha | N46: Connected | O46: Yes | P46: NO | S46: Yes | U46: Yes | W46: Bahut | X46: Yes | Y46: Yes | Z46: Yes | AA46: Verified
B47: Chhotu Kumar | C47: 8229059662 | D47: 25 | E47: Male | F47: business | G47: Hindu | H47: ebc | I47: lohar | J47: GAYA | K47: WAZIRGANJ | L47: manpur | M47: khusri | N47: Connected | O47: Yes | P47: NO | X47: Yes | Y47: Yes | Z47: Yes | AA47: Verified
B48: Raushan Kumar | C48: 8757014710 | D48: 28 | E48: Male | F48: study | G48: Hindu | H48: ebc | J48: GAYA | K48: WAZIRGANJ | L48: manpur | M48: khusri | N48: Connected | O48: Yes | P48: NO | S48: Yes | U48: Yes | W48: Bahut | X48: Yes | Y48: Yes | Z48: Yes | AA48: Verified
B49: Dindayal Kumar | C49: 9304531815 | J49: GAYA | K49: WAZIRGANJ | N49: Call Back Later | AB49: Sham mein baat hogi
B50: Ajay Kumar | C50: 8709839243 | D50: 35 | E50: Male | F50: bejo gar | G50: Hindu | H50: obc | J50: GAYA | K50: WAZIRGANJ | L50: manpur | M50: ward/47 | N50: Connected | O50: Yes | P50: NO | S50: Yes | U50: Yes | W50: Bahut | X50: Yes | Y50: Yes | Z50: Yes | AA50: Verified
B51: Sujit Kumar | C51: 9142773498 | J51: GAYA | K51: WAZIRGANJ | N51: Not Received
B52: Vinay Kumar | C52: 9708837524 | D52: 32 | E52: Male | F52: business | G52: Hindu | H52: obc | J52: GAYA | K52: WAZIRGANJ | L52: manpur | M52: shadipur | N52: Connected | O52: Yes | P52: Yes | Q52: rdj | R52: Panchayat adhyaksh | S52: Yes | U52: Yes | W52: Bahut | X52: Yes | Y52: Yes | Z52: Yes | AA52: Verified
B53: Ravi Kumar | C53: 7903413989 | J53: GAYA | K53: WAZIRGANJ | N53: Connected | AA53: Verified | AB53: bole ki abhi mere pass samay nahin Hai cal main a jaunga call Kat Diya bike chala raha tha
B54: Nagendra Kumar | C54: 9155758492 | J54: GAYA | K54: WAZIRGANJ | N54: Connected | AA54: Not Verified | AB54: aana chahte Hain but hamare pass samay nahin Hai sorry sir kah kar call Kat Diya
B55: Vikash Kumar | C55: 7739730459 | D55: 21 | E55: Male | F55: study | G55: Hindu | H55: obc | J55: GAYA | K55: WAZIRGANJ | L55: manpur | M55: bhore | N55: Connected | O55: Yes | P55: Yes | Q55: rjd | R55: waker | S55: Yes | U55: Yes | W55: Bahut | X55: Yes | Y55: Yes | Z55: Yes | AA55: Verified
B56: Akash Kumar | C56: 7903009934 | D56: 28 | E56: Male | F56: study | G56: Hindu | H56: ebc | J56: GAYA | K56: WAZIRGANJ | L56: chandraruti | M56: ward/4 | N56: Connected | O56: Yes | P56: NO | S56: Yes | U56: Yes | W56: Bahut | X56: Yes | Y56: Yes | Z56: Yes | AA56: Verified
B57: Rajeev Kumar | C57: 9262260506 | D57: 27 | E57: Male | F57: business | G57: Hindu | J57: GAYA | K57: WAZIRGANJ | N57: Connected
B58: Vishal Kumar | C58: 8630180486 | J58: GAYA | K58: WAZIRGANJ | N58: Not Received
B59: Rahul Kumar | C59: 6204314090 | J59: GAYA | K59: WAZIRGANJ | N59: Call Back Later
B60: Subhash Kumar | C60: 9155981546 | D60: 25 | E60: Male | F60: study | G60: Hindu | H60: obc | J60: GAYA | K60: WAZIRGANJ | L60: manpur | M60: lakhanpur | N60: Connected | O60: Yes | P60: NO | S60: Yes | U60: Yes | W60: Bahut | X60: Yes | Y60: Yes | Z60: Yes | AA60: Verified
B61: Manish Kumar | C61: 8084180991 | J61: GAYA | K61: WAZIRGANJ | N61: Call Back Later | AA61: Verified | AB61: bike chala raha tha bola ki main cal detail de dunga ya FIR pahunchne ke bad
B62: Pankaj Kumar | C62: 9504602272 | J62: GAYA | K62: WAZIRGANJ | N62: Connected | AA62: Not Verified | AB62: Kisi Karan bus Kisi function mein jaane ke Karan main aapke yahan nahin a sakta hun
B63: Nitish Kumar | C63: 6209661405 | D63: 24 | E63: Male | F63: berojgar | G63: Hindu | H63: obc | J63: GAYA | K63: tikari | L63: koch | M63: adai | N63: Connected | O63: Yes | P63: Yes | Q63: congress | R63: waker | S63: Yes | U63: Yes | W63: Bahut | X63: Yes | Y63: Yes | Z63: Yes | AA63: Verified
B64: Robin Sharma | C64: 980188133 | J64: GAYA | K64: WAZIRGANJ | N64: Wrong No.
B65: Upendra Kumar | C65: 9771297370 | J65: GAYA | K65: WAZIRGANJ | N65: Switch off
B66: Gunjan Devi | C66: 7766875105 | D66: 35 | E66: Female | F66: house wife | G66: Hindu | H66: obc | J66: GAYA | L66: tokari | N66: Connected | O66: Yes | P66: NO | S66: Yes | U66: Yes | W66: Bahut | X66: Yes | Y66: Yes | Z66: Yes | AA66: Verified | AB66: slp hai ya bole ki payment nahin aaega to Kam nahin karenge
B67: Akshay Choudhary | C67: 7488308839 | J67: GAYA | K67: WAZIRGANJ | N67: Connected | AA67: Not Verified | AB67: Inka cal Koi Aadhar jagah Koi meeting hai isliye yah nahin aaenge

Sheet HARNAUT AC
A1: SLP List Assembly: HARNAUT Training Date & Time: 3rd Sept, 12pm Onwards Location: आशीर्वाद मैरेज हॉल, डाकबंगला रोड, हाई स्कूल हरनौत के पास Field Coordinator: Vivek Kumar
A8: Sr. No. | B8: Name | C8: Mobile Number | D8: Calling Status 1st Sept | E8: Confirmation Status | F8: Remarks | G8: Calling Status 3rd Sept | H8: Confirmation Status | I8: Remarks
A9: 1 | B9: Abhay Kumar | C9: 9931059565 | D9: Connected | E9: CONFIRMED | G9: Connected | H9: CONFIRMED
A10: 2 | B10: Dinesh Jamadar | C10: 7633948045 | D10: Connected | E10: CONFIRMED | G10: Connected | H10: NOT CONFIRMED | I10: nhi aa payenge
A11: 3 | B11: Bacchan Kumar | C11: 7765846551 | D11: Connected | E11: CONFIRMED | G11: Connected | H11: NOT CONFIRMED | I11: tabiyat kharab hai
A12: 4 | B12: Suhani Sinha | C12: 9905487919 | D12: Connected | E12: CONFIRMED | G12: Connected | H12: CONFIRMED
A13: 5 | B13: Sunita Devi | C13: 8002370889 | D13: Connected | E13: CONFIRMED | G13: Not Received
A14: 6 | B14: Jai Prakash Kumar | C14: 9570464752 | D14: Connected | E14: CONFIRMED | G14: Connected | H14: CONFIRMED
A15: 7 | B15: Anjani Kumar | C15: 8969864115 | D15: Call Back Later | G15: Connected | H15: NOT CONFIRMED | I15: Call cut
A16: 8 | B16: Ajit Kumar Ram | C16: 9934272087 | D16: Connected | E16: CONFIRMED | G16: Connected | H16: CONFIRMED
A17: 9 | B17: Urmila Devi | C17: 8735979323 | D17: Connected | E17: CONFIRMED | G17: Connected | H17: CONFIRMED
A18: 10 | B18: Sanoj Kumar | C18: 9525146391 | D18: Connected | E18: CONFIRMED | G18: Not Received
A19: 11 | B19: Sarita Devi | C19: 7549289551 | D19: Connected | E19: CONFIRMED | G19: Connected | H19: NOT CONFIRMED | I19: nhi aa paygi
A20: 12 | B20: Ramuchit Jamadar | C20: 6209662976 | D20: Connected | E20: CONFIRMED | G20: Not Received
A21: 13 | B21: Satyendra Prasad | C21: 9006891188 | D21: Connected | E21: CONFIRMED | G21: Connected | H21: CONFIRMED
A22: 14 | B22: Seema Devi | C22: 6299648310 | D22: Connected | E22: CONFIRMED | G22: Busy | I22: call cut
A23: 15 | B23: Snehlata Kumari | C23: 7004834266 | D23: Connected | E23: CONFIRMED | G23: Switch off
A24: 16 | B24: Usha Devi | C24: 6207400315 | D24: Connected | E24: CONFIRMED | G24: Connected | H24: NOT CONFIRMED | I24: tabiyat thik nahi hai
A25: 17 | B25: Ganga Vishun Jamadar | C25: 7808261928 | D25: Connected | E25: CONFIRMED | G25: Switch off
A26: 18 | B26: Raushan Kumar | C26: 9771401335 | D26: Connected | E26: CONFIRMED | G26: Busy
A27: 19 | B27: Kiran Devi | C27: 9835325070 | D27: Connected | E27: CONFIRMED | G27: Connected | H27: CONFIRMED
A28: 20 | B28: Jayant Kumar Singh | C28: 9693167773 | D28: Connected | E28: CONFIRMED | G28: Connected | H28: NOT CONFIRMED | I28: tabiyat thik nhi h
A29: 21 | B29: Sunita Devi | C29: 9128284927 | D29: Connected | E29: CONFIRMED | G29: Switch off
A30: 22 | B30: Aarti Kumari | C30: 6201871460 | D30: Connected | E30: CONFIRMED | G30: Not Received
A31: 23 | B31: Manti Devi | C31: 8809420961 | D31: Connected | E31: CONFIRMED | G31: Connected | H31: NOT CONFIRMED | I31: tabiyat thik nahi hai
A32: 24 | B32: Shiv Mistri | C32: 8298619559 | D32: Connected | E32: CONFIRMED | G32: Connected | H32: CONFIRMED
A33: 25 | B33: Deenanath Kumar | C33: 8789226099 | D33: Connected | E33: CONFIRMED | G33: Not Received
A34: 26 | B34: Ajay Kumar | C34: 8804532173 | D34: Connected | E34: CONFIRMED | F34: Dekhte h | G34: Connected | H34: NOT CONFIRMED | I34: panchyat me kaam h
A35: 27 | B35: Soni Devi | C35: 8002438548 | D35: Connected | E35: CONFIRMED | G35: Not Received
A36: 28 | B36: Shri Ram Paswan | C36: 8757473940 | D36: Connected | E36: CONFIRMED | G36: Busy
A37: 29 | B37: Mamta Devi | C37: 8292213428 | D37: Connected | E37: NOT CONFIRMED | F37: kolkata gyi h | G37: Connected | H37: NOT CONFIRMED
A38: 30 | B38: Amrita Devi | C38: 8294235217 | D38: Connected | E38: CONFIRMED | G38: Connected | H38: CONFIRMED
A39: 31 | B39: Vipin Kumar | C39: 9162243414 | D39: Connected | E39: CONFIRMED | G39: Not Received
A40: 32 | B40: Kumari Nibha Sinha | C40: 6203312040 | D40: Connected | E40: CONFIRMED | G40: Connected | H40: NOT CONFIRMED
A41: 33 | B41: Reena Devi | C41: 7352752311 | D41: Switch off | G41: Not Received
A42: 34 | B42: Kiran Devi | C42: 9631226508 | D42: Connected | E42: CONFIRMED | G42: Connected | H42: NOT CONFIRMED | I42: fasting ki h
A43: 35 | B43: Sudhir Vind | C43: 9523487308 | D43: Connected | E43: CONFIRMED | G43: Switch off
A44: 36 | B44: Pramila Devi | C44: 7870392175 | D44: Switch off | F44: Not Incoming | G44: Switch off | I44: Not Incoming
A45: 37 | B45: Ram Charan Paswan | C45: 7563054235 | D45: Connected | E45: CONFIRMED | G45: Connected | H45: CONFIRMED
A46: 38 | B46: Nitish Kumar | C46: 7004656149 | D46: Connected | E46: CONFIRMED | G46: Connected | H46: CONFIRMED
A47: 39 | B47: Niru Devi | C47: 6207258153 | D47: Connected | E47: CONFIRMED | G47: Connected | H47: CONFIRMED
A48: 40 | B48: Anita Devi | C48: 9162095813 | D48: Connected | E48: CONFIRMED | G48: Connected | H48: CONFIRMED
A49: 41 | B49: Sita Devi | C49: 9931909862 | D49: Connected | E49: CONFIRMED | G49: Connected | H49: CONFIRMED
A50: 42 | B50: Sohgiya Devi | C50: 9065679015 | D50: Not Received | G50: Not Received
A51: 43 | B51: Shailesh Kumar | C51: 7654708253 | D51: Connected | E51: CONFIRMED | G51: Connected | H51: CONFIRMED
A52: 44 | B52: Saroj Devi | C52: 9117438796 | D52: Connected | E52: CONFIRMED | G52: Connected | H52: CONFIRMED
A53: 45 | B53: Siyawati Devi | C53: 9631510579 | D53: Connected | E53: CONFIRMED | G53: Connected | H53: CONFIRMED
A54: 46 | B54: Manoj Singh | C54: 8102580521 | D54: Connected | E54: CONFIRMED | G54: Connected | H54: CONFIRMED
A55: 47 | B55: Arvind Paswan | C55: 8490999275 | D55: Connected | E55: CONFIRMED | G55: Connected | H55: CONFIRMED
A56: 48 | B56: Muskan Kumari | C56: 7294963913 | D56: Connected | E56: CONFIRMED | G56: Connected | H56: CONFIRMED
A57: 49 | B57: Poonam Devi | C57: 9304989340 | D57: Connected | E57: CONFIRMED | G57: Connected | H57: CONFIRMED
A58: 50 | B58: Geeta Devi | C58: 9315052778 | D58: Connected | E58: CONFIRMED | G58: Not Received
A59: 51 | B59: Arun Malakar | C59: 9931815900 | D59: Connected | E59: CONFIRMED | G59: Connected | H59: CONFIRMED
A60: 52 | B60: Rita Devi | C60: 6200549536 | D60: Connected | E60: NOT CONFIRMED | F60: Nhi Aayenge | G60: Connected | H60: NOT CONFIRMED
A61: 53 | B61: Gautam Kumar | C61: 9955579813 | D61: Connected | E61: CONFIRMED | G61: Connected | H61: CONFIRMED
A62: 54 | B62: Raveena Devi | C62: 9155787414 | D62: Connected | E62: CONFIRMED | G62: Connected | H62: NOT CONFIRMED | I62: Nhi aa payenge
A63: 55 | B63: Abhishek Kumar | C63: 9798588887 | D63: Connected | E63: CONFIRMED | G63: Connected | H63: NOT CONFIRMED
A64: 56 | B64: Jaymanti Kumari | C64: 9199928159 | D64: Connected | E64: CONFIRMED | G64: Not Received
A65: 57 | B65: Shivji Prasad | C65: 6287880559 | D65: Connected | E65: CONFIRMED | G65: Connected | H65: NOT CONFIRMED | I65: Call cut
A66: 58 | B66: Suvili Devi | C66: 7091498973 | D66: Connected | E66: CONFIRMED | F66: Taibyat thik nhii h | G66: Connected | H66: NOT CONFIRMED | I66: Tbiyt thik nhi hai
A67: 59 | B67: Shrikant Paswan | C67: 7091445796 | D67: Not Received | G67: Switch off
A68: 60 | B68: Anuja Kumari | C68: 7903156069 | D68: Connected | E68: CONFIRMED | G68: Connected | H68: CONFIRMED
A69: 61 | B69: Amarnaath | C69: 7549440176 | D69: Connected | E69: CONFIRMED | G69: Connected | H69: CONFIRMED
A70: 62 | B70: Umesh Prasad | C70: 7209436510 | D70: Switch off | F70: Not Incoming | G70: Switch off
A71: 63 | B71: Pushpa Kumari | C71: 9835890832 | D71: Connected | E71: CONFIRMED | G71: Connected | H71: CONFIRMED
A72: 64 | B72: Anirudh prasad | C72: 9973604662 | D72: Connected | E72: CONFIRMED | G72: Connected | H72: CONFIRMED
A73: 65 | B73: Santosh kumar | C73: 9264282935 | D73: Connected | E73: NOT CONFIRMED | F73: Time nhi h | G73: Connected | H73: NOT CONFIRMED
A74: 66 | B74: Rajendra Singh | C74: 9955822967 | D74: Connected | E74: CONFIRMED | G74: Connected | H74: CONFIRMED
A75: 67 | B75: Naval Kishor Prasad | C75: 7766059441 | D75: Connected | E75: CONFIRMED | G75: Connected | H75: CONFIRMED
A76: 68 | B76: Ranjeet Chauhan | C76: 6200476162 | D76: Connected | E76: CONFIRMED | G76: Connected | H76: NOT CONFIRMED | I76: Accident ho gya h
A77: 69 | B77: Sonu Chauhan | C77: 9162130537 | D77: Connected | E77: CONFIRMED | G77: Connected | H77: CONFIRMED
A78: 70 | B78: Faujdari singh | C78: 9546514568 | D78: Busy | G78: Switch off
A79: 71 | B79: Indal prasad | C79: 9572610439 | D79: Connected | E79: CONFIRMED | G79: Connected | H79: CONFIRMED
A80: 72 | B80: kameshwar prasad | C80: 7562933537 | D80: Connected | E80: CONFIRMED | G80: Switch off
A81: 73 | B81: Narendra Sahi | C81: 7667871207 | D81: Connected | E81: CONFIRMED | G81: Connected | H81: CONFIRMED
A82: 74 | B82: nawal yadav | C82: 9334243005 | D82: Connected | E82: CONFIRMED | G82: Busy
A83: 75 | B83: Rajesh chauhan | C83: 9798199319 | D83: Connected | E83: CONFIRMED | G83: Connected | H83: CONFIRMED
A84: 76 | B84: mirdila kumari | C84: 8969335070 | D84: Connected | E84: CONFIRMED | G84: Connected | H84: NOT CONFIRMED | I84: Death kr gya h koi

Sheet SLP Calling Update
A1: Serial No | B1: AC | C1: Name of Coordinator | D1: Total Data | E1: Call Connected | F1: Verified | G1: Not verified | H1: Not Received | I1: Busy | J1: Switch Off | K1: Wrong | L1: Call Back Later | M1: Remarks | N1: Meeting Date | O1: Remark For Training And Final Sheet
A2: 1 | B2: ROSERA | C2: Chandan Kumar | D2: =COUNTIFS('SLP Field Data'!K:K,B2,'SLP Field Data'!K:K,"<>") -> 48 | E2: =COUNTIFS('SLP Field Data'!K:K,B2,'SLP Field Data'!N:N,"Connected") -> 19 | F2: =COUNTIFS('SLP Field Data'!K:K,B2,'SLP Field Data'!AA:AA,"Verified") -> 9 | G2: =COUNTIFS('SLP Field Data'!K:K,B2,'SLP Field Data'!AA:AA,"Not Verified") -> 6 | H2: =COUNTIFS('SLP Field Data'!K:K,B2,'SLP Field Data'!N:N,"Not Received") -> 4 | I2: =COUNTIFS('SLP Field Data'!K:K,B2,'SLP Field Data'!N:N,"Busy") -> 0 | J2: =COUNTIFS('SLP Field Data'!K:K,B2,'SLP Field Data'!N:N,"Switch off") -> 6 | K2: =COUNTIFS('SLP Field Data'!K:K,B2,'SLP Field Data'!N:N,"Wrong No.") -> 16 | L2: =COUNTIFS('SLP Field Data'!K:K,B2,'SLP Field Data'!N:N,"Call Back Later") -> 3 | N2: 45854 | O2: Meeting done
A3: 2 | B3: GOPALGANJ | C3: Ajay Kumar Yadav | D3: =COUNTIFS('SLP Field Data'!K:K,B3,'SLP Field Data'!K:K,"<>") -> 38 | E3: =COUNTIFS('SLP Field Data'!K:K,B3,'SLP Field Data'!N:N,"Connected") -> 24 | F3: =COUNTIFS('SLP Field Data'!K:K,B3,'SLP Field Data'!AA:AA,"Verified") -> 21 | G3: =COUNTIFS('SLP Field Data'!K:K,B3,'SLP Field Data'!AA:AA,"Not Verified") -> 0 | H3: =COUNTIFS('SLP Field Data'!K:K,B3,'SLP Field Data'!N:N,"Not Received") -> 5 | I3: =COUNTIFS('SLP Field Data'!K:K,B3,'SLP Field Data'!N:N,"Busy") -> 0 | J3: =COUNTIFS('SLP Field Data'!K:K,B3,'SLP Field Data'!N:N,"Switch off") -> 4 | K3: =COUNTIFS('SLP Field Data'!K:K,B3,'SLP Field Data'!N:N,"Wrong No.") -> 2 | L3: =COUNTIFS('SLP Field Data'!K:K,B3,'SLP Field Data'!N:N,"Call Back Later") -> 2 | N3: 45860 | O3: Meeting done
A4: 3 | B4: ARWAL | C4: Captain Deepu | D4: =COUNTIFS('SLP Field Data'!K:K,B4,'SLP Field Data'!K:K,"<>") -> 41 | E4: =COUNTIFS('SLP Field Data'!K:K,B4,'SLP Field Data'!N:N,"Connected") -> 25 | F4: =COUNTIFS('SLP Field Data'!K:K,B4,'SLP Field Data'!AA:AA,"Verified") -> 25 | G4: =COUNTIFS('SLP Field Data'!K:K,B4,'SLP Field Data'!AA:AA,"Not Verified") -> 0 | H4: =COUNTIFS('SLP Field Data'!K:K,B4,'SLP Field Data'!N:N,"Not Received") -> 1 | I4: =COUNTIFS('SLP Field Data'!K:K,B4,'SLP Field Data'!N:N,"Busy") -> 7 | J4: =COUNTIFS('SLP Field Data'!K:K,B4,'SLP Field Data'!N:N,"Switch off") -> 5 | K4: =COUNTIFS('SLP Field Data'!K:K,B4,'SLP Field Data'!N:N,"Wrong No.") -> 2 | L4: =COUNTIFS('SLP Field Data'!K:K,B4,'SLP Field Data'!N:N,"Call Back Later") -> 1 | N4: 45865
A5: 4 | B5: CHIRAYA | C5: Tribhuvan Kumar | D5: =COUNTIFS('SLP Field Data'!K:K,B5,'SLP Field Data'!K:K,"<>") -> 27 | E5: =COUNTIFS('SLP Field Data'!K:K,B5,'SLP Field Data'!N:N,"Connected") -> 21 | F5: =COUNTIFS('SLP Field Data'!K:K,B5,'SLP Field Data'!AA:AA,"Verified") -> 20 | G5: =COUNTIFS('SLP Field Data'!K:K,B5,'SLP Field Data'!AA:AA,"Not Verified") -> 1 | H5: =COUNTIFS('SLP Field Data'!K:K,B5,'SLP Field Data'!N:N,"Not Received") -> 3 | I5: =COUNTIFS('SLP Field Data'!K:K,B5,'SLP Field Data'!N:N,"Busy") -> 1 | J5: =COUNTIFS('SLP Field Data'!K:K,B5,'SLP Field Data'!N:N,"Switch off") -> 2 | K5: =COUNTIFS('SLP Field Data'!K:K,B5,'SLP Field Data'!N:N,"Wrong No.") -> 0 | L5: =COUNTIFS('SLP Field Data'!K:K,B5,'SLP Field Data'!N:N,"Call Back Later") -> 0
A6: 5 | B6: JALE | C6: Ejaj ahmad | D6: =COUNTIFS('SLP Field Data'!K:K,B6,'SLP Field Data'!K:K,"<>") -> 44 | E6: =COUNTIFS('SLP Field Data'!K:K,B6,'SLP Field Data'!N:N,"Connected") -> 35 | F6: =COUNTIFS('SLP Field Data'!K:K,B6,'SLP Field Data'!AA:AA,"Verified") -> 35 | G6: =COUNTIFS('SLP Field Data'!K:K,B6,'SLP Field Data'!AA:AA,"Not Verified") -> 0 | H6: =COUNTIFS('SLP Field Data'!K:K,B6,'SLP Field Data'!N:N,"Not Received") -> 3 | I6: =COUNTIFS('SLP Field Data'!K:K,B6,'SLP Field Data'!N:N,"Busy") -> 0 | J6: =COUNTIFS('SLP Field Data'!K:K,B6,'SLP Field Data'!N:N,"Switch off") -> 3 | K6: =COUNTIFS('SLP Field Data'!K:K,B6,'SLP Field Data'!N:N,"Wrong No.") -> 0 | L6: =COUNTIFS('SLP Field Data'!K:K,B6,'SLP Field Data'!N:N,"Call Back Later") -> 3 | N6: 45860 | O6: Meeting done
A7: 6 | B7: PRANPUR | C7: Imbesat Ahmad | D7: =COUNTIFS('SLP Field Data'!K:K,B7,'SLP Field Data'!K:K,"<>") -> 47 | E7: =COUNTIFS('SLP Field Data'!K:K,B7,'SLP Field Data'!N:N,"Connected") -> 29 | F7: =COUNTIFS('SLP Field Data'!K:K,B7,'SLP Field Data'!AA:AA,"Verified") -> 29 | G7: =COUNTIFS('SLP Field Data'!K:K,B7,'SLP Field Data'!AA:AA,"Not Verified") -> 0 | H7: =COUNTIFS('SLP Field Data'!K:K,B7,'SLP Field Data'!N:N,"Not Received") -> 7 | I7: =COUNTIFS('SLP Field Data'!K:K,B7,'SLP Field Data'!N:N,"Busy") -> 9 | J7: =COUNTIFS('SLP Field Data'!K:K,B7,'SLP Field Data'!N:N,"Switch off") -> 2 | K7: =COUNTIFS('SLP Field Data'!K:K,B7,'SLP Field Data'!N:N,"Wrong No.") -> 0 | L7: =COUNTIFS('SLP Field Data'!K:K,B7,'SLP Field Data'!N:N,"Call Back Later") -> 0 | N7: 45866
A8: 7 | B8: PARO | C8: Md Sarfaraz | D8: =COUNTIFS('SLP Field Data'!K:K,B8,'SLP Field Data'!K:K,"<>") -> 22 | E8: =COUNTIFS('SLP Field Data'!K:K,B8,'SLP Field Data'!N:N,"Connected") -> 21 | F8: =COUNTIFS('SLP Field Data'!K:K,B8,'SLP Field Data'!AA:AA,"Verified") -> 21 | G8: =COUNTIFS('SLP Field Data'!K:K,B8,'SLP Field Data'!AA:AA,"Not Verified") -> 0 | H8: =COUNTIFS('SLP Field Data'!K:K,B8,'SLP Field Data'!N:N,"Not Received") -> 0 | I8: =COUNTIFS('SLP Field Data'!K:K,B8,'SLP Field Data'!N:N,"Busy") -> 0 | J8: =COUNTIFS('SLP Field Data'!K:K,B8,'SLP Field Data'!N:N,"Switch off") -> 1 | K8: =COUNTIFS('SLP Field Data'!K:K,B8,'SLP Field Data'!N:N,"Wrong No.") -> 0 | L8: =COUNTIFS('SLP Field Data'!K:K,B8,'SLP Field Data'!N:N,"Call Back Later") -> 0 | N8: 45862 | O8: Meeting done
A9: 8 | B9: KAHALGAON | C9: Pranav | D9: =COUNTIFS('SLP Field Data'!K:K,B9,'SLP Field Data'!K:K,"<>") -> 58 | E9: =COUNTIFS('SLP Field Data'!K:K,B9,'SLP Field Data'!N:N,"Connected") -> 39 | F9: =COUNTIFS('SLP Field Data'!K:K,B9,'SLP Field Data'!AA:AA,"Verified") -> 37 | G9: =COUNTIFS('SLP Field Data'!K:K,B9,'SLP Field Data'!AA:AA,"Not Verified") -> 0 | H9: =COUNTIFS('SLP Field Data'!K:K,B9,'SLP Field Data'!N:N,"Not Received") -> 4 | I9: =COUNTIFS('SLP Field Data'!K:K,B9,'SLP Field Data'!N:N,"Busy") -> 7 | J9: =COUNTIFS('SLP Field Data'!K:K,B9,'SLP Field Data'!N:N,"Switch off") -> 6 | K9: =COUNTIFS('SLP Field Data'!K:K,B9,'SLP Field Data'!N:N,"Wrong No.") -> 1 | L9: =COUNTIFS('SLP Field Data'!K:K,B9,'SLP Field Data'!N:N,"Call Back Later") -> 1 | N9: 45862 | O9: meeting done
A10: 9 | B10: AURANGABAD | C10: Abdullah Amin | D10: =COUNTIFS('SLP Field Data'!K:K,B10,'SLP Field Data'!K:K,"<>") -> 43 | E10: =COUNTIFS('SLP Field Data'!K:K,B10,'SLP Field Data'!N:N,"Connected") -> 24 | F10: =COUNTIFS('SLP Field Data'!K:K,B10,'SLP Field Data'!AA:AA,"Verified") -> 22 | G10: =COUNTIFS('SLP Field Data'!K:K,B10,'SLP Field Data'!AA:AA,"Not Verified") -> 3 | H10: =COUNTIFS('SLP Field Data'!K:K,B10,'SLP Field Data'!N:N,"Not Received") -> 7 | I10: =COUNTIFS('SLP Field Data'!K:K,B10,'SLP Field Data'!N:N,"Busy") -> 2 | J10: =COUNTIFS('SLP Field Data'!K:K,B10,'SLP Field Data'!N:N,"Switch off") -> 5 | K10: =COUNTIFS('SLP Field Data'!K:K,B10,'SLP Field Data'!N:N,"Wrong No.") -> 3 | L10: =COUNTIFS('SLP Field Data'!K:K,B10,'SLP Field Data'!N:N,"Call Back Later") -> 2
A11: 10 | B11: RAJGIR | C11: Raman | D11: =COUNTIFS('SLP Field Data'!K:K,B11,'SLP Field Data'!K:K,"<>") -> 42 | E11: =COUNTIFS('SLP Field Data'!K:K,B11,'SLP Field Data'!N:N,"Connected") -> 35 | F11: =COUNTIFS('SLP Field Data'!K:K,B11,'SLP Field Data'!AA:AA,"Verified") -> 32 | G11: =COUNTIFS('SLP Field Data'!K:K,B11,'SLP Field Data'!AA:AA,"Not Verified") -> 3 | H11: =COUNTIFS('SLP Field Data'!K:K,B11,'SLP Field Data'!N:N,"Not Received") -> 3 | I11: =COUNTIFS('SLP Field Data'!K:K,B11,'SLP Field Data'!N:N,"Busy") -> 0 | J11: =COUNTIFS('SLP Field Data'!K:K,B11,'SLP Field Data'!N:N,"Switch off") -> 2 | K11: =COUNTIFS('SLP Field Data'!K:K,B11,'SLP Field Data'!N:N,"Wrong No.") -> 2 | L11: =COUNTIFS('SLP Field Data'!K:K,B11,'SLP Field Data'!N:N,"Call Back Later") -> 0 | N11: 45864 | O11: meeting call done
A12: 11 | B12: KISHANGANJ | C12: Shums Uddin Ansari | D12: =COUNTIFS('SLP Field Data'!K:K,B12,'SLP Field Data'!K:K,"<>") -> 28 | E12: =COUNTIFS('SLP Field Data'!K:K,B12,'SLP Field Data'!N:N,"Connected") -> 25 | F12: =COUNTIFS('SLP Field Data'!K:K,B12,'SLP Field Data'!AA:AA,"Verified") -> 25 | G12: =COUNTIFS('SLP Field Data'!K:K,B12,'SLP Field Data'!AA:AA,"Not Verified") -> 0 | H12: =COUNTIFS('SLP Field Data'!K:K,B12,'SLP Field Data'!N:N,"Not Received") -> 1 | I12: =COUNTIFS('SLP Field Data'!K:K,B12,'SLP Field Data'!N:N,"Busy") -> 0 | J12: =COUNTIFS('SLP Field Data'!K:K,B12,'SLP Field Data'!N:N,"Switch off") -> 0 | K12: =COUNTIFS('SLP Field Data'!K:K,B12,'SLP Field Data'!N:N,"Wrong No.") -> 0 | L12: =COUNTIFS('SLP Field Data'!K:K,B12,'SLP Field Data'!N:N,"Call Back Later") -> 2 | N12: 45865
A13: 12 | B13: TIKARI | C13: Ashish Kumar | D13: =COUNTIFS('SLP Field Data'!K:K,B13,'SLP Field Data'!K:K,"<>") -> 30 | E13: =COUNTIFS('SLP Field Data'!K:K,B13,'SLP Field Data'!N:N,"Connected") -> 13 | F13: =COUNTIFS('SLP Field Data'!K:K,B13,'SLP Field Data'!AA:AA,"Verified") -> 13 | G13: =COUNTIFS('SLP Field Data'!K:K,B13,'SLP Field Data'!AA:AA,"Not Verified") -> 0 | H13: =COUNTIFS('SLP Field Data'!K:K,B13,'SLP Field Data'!N:N,"Not Received") -> 4 | I13: =COUNTIFS('SLP Field Data'!K:K,B13,'SLP Field Data'!N:N,"Busy") -> 3 | J13: =COUNTIFS('SLP Field Data'!K:K,B13,'SLP Field Data'!N:N,"Switch off") -> 6 | K13: =COUNTIFS('SLP Field Data'!K:K,B13,'SLP Field Data'!N:N,"Wrong No.") -> 2 | L13: =COUNTIFS('SLP Field Data'!K:K,B13,'SLP Field Data'!N:N,"Call Back Later") -> 0 | N13: 38560

Sheet ARWAL AC
A1: SLP List Assembly: ARWAL Training Date & Time: 27/07/25 Location: आंध्रचक, हाइ स्कूल ( रविदाश भगवान ) के पास main रोड पर, नियर शहर तेलपा Field Coordinator: CAPTAIN DEEPU
A6: Sr. No. | B6: Name | C6: Mobile Number | D6: Calling Status 26th July | E6: Confirmation Status | F6: Remarks
A7: 1 | B7: Subodh Kumar | C7: 7091332065 | D7: Connected | E7: CONFIRMED
A8: 2 | B8: Rajkumar | C8: 7488751378 | D8: Connected | E8: CONFIRMED
A9: 3 | B9: Ujjwal Kumar | C9: 8873613785 | D9: Connected | E9: CONFIRMED
A10: 4 | B10: Arjun Singh | C10: 9631229048 | D10: Switch off
A11: 5 | B11: Sikandar Kumar | C11: 7033959812 | D11: Connected | E11: CONFIRMED
A12: 6 | B12: Pappu Kumar | C12: 8757752901 | D12: Connected | E12: CONFIRMED
A13: 7 | B13: Sanjay Kumar | C13: 7484042954 | D13: Connected | E13: CONFIRMED
A14: 8 | B14: Pramila Kumari | C14: 9835600213 | D14: Connected | E14: CONFIRMED
A15: 9 | B15: Indu Kumari | C15: 9504143372 | D15: Connected | E15: CONFIRMED
A16: 10 | B16: Akshay Kumar | C16: 6206365883 | D16: Switch off
A17: 11 | B17: Vikas Kumar | C17: 9508083254 | D17: Connected | E17: CONFIRMED
A18: 12 | B18: Abhimanyu Kumar (Dr) | C18: 8002066561 | D18: Connected | E18: CONFIRMED
A19: 13 | B19: Amarendra Kumar | C19: 6204318716 | D19: Connected | E19: CONFIRMED
A20: 14 | B20: Satyendra Bind | C20: 8294945134 | D20: Connected | E20: CONFIRMED
A21: 15 | B21: Surendra Yadav | C21: 9771000297 | D21: Connected | E21: CONFIRMED
A22: 16 | B22: Ajay Yadav | C22: 8294946091 | D22: Connected | E22: CONFIRMED
A23: 17 | B23: Ramesh Kumar | C23: 9534652604 | D23: Connected | E23: CONFIRMED
A24: 18 | B24: Ranjit Kumar | C24: 9102776486 | D24: Connected | E24: CONFIRMED
A25: 19 | B25: Sunil Ram | C25: 7061992430 | D25: Connected | E25: CONFIRMED
A26: 20 | B26: Pintu Kumar | C26: 8310324048 | D26: Connected | E26: CONFIRMED
A27: 21 | B27: Ram Bihari Yadav | C27: 7257812106 | D27: Connected | E27: CONFIRMED
A28: 22 | B28: Manoj Kumar | C28: 7762887398 | D28: Not Received
A29: 23 | B29: Bachchan Rajvanshi | C29: 8298775638 | D29: Not Received
A30: 24 | B30: Sanjeet Kumar (Chainpur) | C30: 6203893706 | D30: Connected | E30: CONFIRMED
A31: 25 | B31: Nitish Kumar | C31: 9065585658 | D31: Connected | E31: CONFIRMED
B34: Vikas Kumar | C34: 7543966608
B35: Arvind Kumar | C35: 8340511206
B36: Pintu Kumar | C36: 8797564240
B37: Ajit Kumar | C37: 8804190210
B38: Ramashankar Kumar | C38: 9199540939
B39: Ravi Shankar Kumar | C39: 6207930631
B40: Pappu Kumar | C40: 6207930631
B41: VOLUNTEER
B43: Anil Kumar | C43: 7654158771
B44: Gautam Kumar | C44: 9065589656
B45: Arvind Kumari (Shri Ram Bigha) | C45: 8905077729
B46: Manoj Kumar | C46: 9525781036
B47: Anil Kumar | C47: 8873195113
B48: Ram Ji Rajvanshi | C48: 9973524417
B49: Ghanshyam Sah | C49: 7782069133
B50: Rishikesh Kumar (Teacher) | C50: 9955
B51: Sanjeet Kumar | C51: 7939896002
A53: ASSEMBLY COORDINATOR (LEADER NAME) | B53: NAME | C53: NUMBER | D53: AGE | E53: GENDER | F53: PROFESSION | G53: RELIGION | H53: CATEGORY | I53: CASTE | J53: DISTRICT | K53: ASSEMBLY | L53: BLOCK | M53: PANCHAYAT | N53: Calling Status | O53: 1. क्या आप राजनीतिक या सामाजिक कार्य में रूचि रखते हैं? (हां/नहीं) | P53: 2. क्या आप वर्तमान में किसी सामाजिक या राजनैतिक संगठन से जुड़े हैं? (हाँ / नहीं) | Q53: संगठन का नाम (यदि हाँ): | R53: भूमिका (1-2 शब्द): | S53: 3. आपने अब तक अपने क्षेत्र में कोई सामाजिक या जन सरोकार का कार्य किया है? (हाँ / नहीं) | T53: यदि हाँ, तो एक उदाहरण दें: | U53: 4. क्या आपने कभी किसी जनप्रतिनिधि से जनता के मुद्दों को लेकर बात की है? (हाँ / नहीं) | V53: यदि हाँ, तो मुद्दा: | W53: 5. सामाजिक न्याय और समानता आपके लिए कितनी महत्वपूर्ण है? (बहुत / कुछ हद तक / नहीं) | X53: 6. क्या आप मानते हैं कि भारतीय संविधान की बातें – न्याय, स्वतंत्रता, समानता, बंधुत्व – ज़मीनी स्तर तक पहुंचें? (हाँ / नहीं) | Y53: 7. क्या आप कांग्रेस पार्टी द्वारा चलाए जा रहे संविधान लीडरशिप प्रोग्राम के बारे में जानते हैं? (हां/नहीं) (यदि नहीं तो संविधान लीडरशिप प्रोग्राम के बारे में जानकारी- ) | Z53: 8. क्या आप इस प्रोग्राम में नेतृत्व की भूमिका निभाने को तैयार हैं? (हाँ / नहीं / विचार कर रहा/रही हूं) | AA53: Verification Status | AB53: Remarks
A54: CAPTAIN DEEPU | B54: Subodh Kumar | C54: 7091332065 | D54: 31 | E54: Male | F54: job | I54: kushwaha | K54: ARWAL | L54: karpi | M54: keyal | N54: Connected | O54: Yes | P54: Yes | S54: Yes | T54: people help | U54: Yes | W54: Kuch Had Tak | X54: Yes | Y54: Yes | Z54: Yes | AA54: Verified
B55: Rajkumar | C55: 7488751378 | D55: 31 | E55: Male | F55: business | G55: Hindu | H55: obc | I55: yadav | J55: Arwal | K55: ARWAL | L55: Arwal | M55: saurati | N55: Connected | O55: Yes | P55: Yes | S55: Yes | U55: Yes | W55: Bahut | X55: Yes | Y55: Yes | Z55: Yes | AA55: Verified
B56: Ujjwal Kumar | C56: 8873613785 | D56: 25 | E56: Male | F56: unemployment | I56: ram | K56: ARWAL | L56: karpi | M56: belkhara | N56: Connected | O56: Yes | P56: NO | S56: Yes | T56: nal jal | U56: Yes | V56: road problem | W56: Bahut | X56: Yes | Y56: Yes | Z56: Yes | AA56: Verified
B57: Arjun Singh | C57: 9631229048 | D57: 65 | E57: Male | F57: kisan | G57: hindu | H57: obc | I57: obc | J57: arval | K57: ARWAL | L57: karki | M57: saharsenta | N57: Connected | O57: Yes | P57: Yes | Q57: inc | R57: panchayat adhyaksh | S57: Yes | T57: public issues | U57: Yes | V57: nali | W57: Bahut | X57: Yes | Y57: Yes | Z57: Yes | AA57: Verified
B58: Sikandar Kumar | C58: 7033959812 | D58: 23 | E58: Male | F58: student | G58: hindu | H58: obc | I58: kuswaha | J58: arwal | K58: ARWAL | L58: arwal | M58: kyal | N58: Connected | O58: Yes | P58: Yes | Q58: inc | S58: NO | U58: NO | W58: Bahut | X58: Yes | Y58: NO | Z58: Yes | AA58: Verified
B59: Vikas Kumar | C59: 7543966608 | D59: 25 | E59: Male | K59: ARWAL | N59: Busy
B60: Pappu Kumar | C60: 8757752901 | D60: 24 | E60: Male | F60: business | I60: yadav | K60: ARWAL | L60: karpi | M60: keyal | N60: Connected | O60: Yes | P60: NO | S60: Yes | T60: mnerega | U60: NO | W60: Bahut | X60: Yes | Y60: Yes | Z60: Yes | AA60: Verified
B61: Arvind Kumar | C61: 8340511206 | K61: ARWAL | N61: Switch off
B62: Sanjay Kumar | C62: 7484042954 | D62: 47 | F62: job | I62: carpenter | K62: ARWAL | L62: karpi | M62: keyal | N62: Connected | O62: Yes | S62: NO | U62: Yes | V62: water problem | W62: Kuch Had Tak | X62: Yes | Y62: Yes | Z62: Yes | AA62: Verified
B63: Pramila Kumari | C63: 9835600213 | D63: 34 | E63: Female | F63: job | G63: hindu | H63: obc | I63: yadav | J63: arwal | K63: ARWAL | L63: karpi | M63: keyal | N63: Connected | O63: Yes | P63: NO | S63: NO | U63: NO | W63: Bahut | X63: Yes | Y63: NO | Z63: NO | AA63: Verified
B64: Indu Kumari | C64: 9504143372 | D64: 35 | E64: Female | F64: jeevika | G64: Hindu | H64: obc | I64: garerai | J64: arwal | K64: ARWAL | L64: andhra chak | M64: keyal | N64: Connected | O64: Yes | P64: Yes | S64: Yes | U64: Yes | V64: water problem | W64: Bahut | X64: Yes | Y64: NO | Z64: Yes | AA64: Verified
B65: Akshay Kumar | C65: 6206365883 | D65: 21 | E65: Male | F65: business | G65: Hindu | H65: sc | I65: ram | J65: arwal | K65: ARWAL | L65: karpi | M65: kheyal | N65: Connected | O65: Yes | P65: NO | S65: Yes | U65: Yes | V65: gao ka vikash | W65: Bahut | X65: Yes | Y65: Yes | Z65: Yes | AA65: Verified
B66: Vikas Kumar | C66: 9508083254 | D66: 26 | E66: Male | F66: farmer | G66: Hindu | H66: ebc | I66: bind | J66: arwal | K66: ARWAL | L66: karpi | M66: kheyal | N66: Connected | O66: Yes | P66: Yes | S66: NO | U66: NO | W66: Kuch Had Tak | X66: Yes | Y66: Yes | Z66: Yes | AA66: Verified
B67: Abhimanyu Kumar (Dr) | C67: 8002066561 | D67: 24 | F67: student | I67: yadav | K67: ARWAL | L67: karpi | M67: keyal | N67: Connected | O67: Yes | P67: NO | S67: Yes | T67: people help | U67: Yes | V67: nal jal | W67: Kuch Had Tak | X67: Yes | Y67: Yes | Z67: Yes | AA67: Verified
B68: Amarendra Kumar | C68: 6204318716 | D68: 45 | E68: Male | F68: kisan | G68: hindu | H68: obc | I68: yadav | J68: arwal | K68: ARWAL | L68: karpi | M68: keyal | N68: Connected | O68: Yes | P68: Yes | Q68: rjp | R68: member | S68: Yes | T68: public issues | U68: NO | W68: Bahut | X68: Yes | Y68: NO | Z68: Yes | AA68: Verified
B69: Pintu Kumar | C69: 8797564240 | K69: ARWAL | N69: Busy
B70: Satyendra Bind | C70: 8294945134 | D70: 40 | E70: Male | F70: ward member | I70: bind | K70: ARWAL | L70: karpi | M70: keyal | N70: Connected | O70: Yes | P70: Yes | Q70: ward member | S70: Yes | T70: people help | U70: Yes | W70: Kuch Had Tak | X70: Yes | Y70: Yes | Z70: Yes | AA70: Verified
B71: Ajit Kumar | C71: 8804190210 | K71: ARWAL | N71: Busy
B72: Ramashankar Kumar | C72: 9199540939 | K72: ARWAL | N72: Call Back Later
B73: Surendra Yadav | C73: 9771000297 | D73: 34 | F73: business | I73: yadav | K73: ARWAL | L73: karpi | M73: sahar telpa | N73: Connected | O73: Yes | P73: Yes | Q73: rjd | S73: Yes | T73: social work | U73: Yes | V73: road problem | W73: Kuch Had Tak | X73: Yes | Y73: Yes | Z73: Yes | AA73: Verified
B74: Ravi Shankar Kumar | C74: 6207930631 | K74: ARWAL | N74: Switch off
B75: Pappu Kumar | C75: 6207930631 | K75: ARWAL | N75: Not Received
B76: Ajay Yadav | C76: 8294946091 | D76: 40 | E76: Male | F76: farmer | G76: Hindu | H76: bc | I76: yadav | J76: arwal | K76: ARWAL | L76: karpi | M76: Sahar telpa | N76: Connected | O76: Yes | S76: Yes | U76: Yes | W76: Bahut | X76: Yes | Y76: Yes | Z76: Yes | AA76: Verified
A77: CAPTAIN DEEPU | B77: VOLUNTEER
B79: Ramesh Kumar | C79: 9534652604 | D79: 17 | E79: Male | F79: student | I79: thakur | K79: ARWAL | L79: karpi | M79: keyal | N79: Connected | O79: Yes | P79: NO | S79: NO | U79: NO | W79: Kuch Had Tak | X79: Yes | Y79: Yes | Z79: Yes | AA79: Verified
B80: Ranjit Kumar | C80: 9102776486 | D80: 35 | E80: Male | F80: poltics | I80: ram | K80: ARWAL | L80: karpi | M80: keyal | N80: Connected | O80: Yes | P80: NO | S80: Yes | T80: social work | U80: Yes | V80: road problem | W80: Bahut | X80: Yes | Y80: Yes | Z80: Yes | AA80: Verified
B81: Sunil Ram | C81: 7061992430 | D81: 52 | F81: farmer | I81: chandervanshi | K81: ARWAL | L81: karpi | M81: keyal | N81: Connected | P81: NO | S81: NO | U81: NO | W81: Kuch Had Tak | X81: Yes | Y81: Yes | Z81: Yes | AA81: Verified
B82: Pintu Kumar | C82: 8310324048 | D82: 32 | E82: Male | F82: business | G82: hindu | H82: obc | I82: yadav | J82: arwal | K82: ARWAL | L82: karpi | M82: sahar telpa | N82: Connected | O82: Yes | P82: Yes | Q82: rjd | R82: member | S82: NO | U82: NO | W82: Bahut | X82: Yes | Y82: Yes | Z82: Yes | AA82: Verified
B83: Anil Kumar | C83: 7654158771 | D83: 35 | E83: Male | F83: farmer | K83: ARWAL | N83: Switch off
B84: Ram Bihari Yadav | C84: 7257812106 | D84: 36 | F84: farmer | I84: yadav | K84: ARWAL | L84: karpi | M84: sahar telpa | N84: Connected | O84: Yes | P84: Yes | Q84: congress | S84: Yes | T84: people help | U84: Yes | V84: road problem | W84: Bahut | X84: Yes | Y84: Yes | Z84: Yes | AA84: Verified
B85: Gautam Kumar | C85: 9065589656 | K85: ARWAL | N85: Busy
B86: Manoj Kumar | C86: 7762887398 | D86: 34 | F86: farmer | I86: yadav | K86: ARWAL | L86: karpi | M86: sahar telpa | N86: Connected | O86: Yes | P86: Yes | Q86: congress | S86: Yes | T86: social help | U86: Yes | W86: Kuch Had Tak | X86: Yes | Y86: Yes | Z86: Yes | AA86: Verified
B87: Arvind Kumari (Shri Ram Bigha) | C87: 8905077729 | K87: ARWAL | N87: Busy
B88: Manoj Kumar | C88: 9525781036 | K88: ARWAL | N88: Switch off
B89: Anil Kumar | C89: 8873195113 | K89: ARWAL | N89: Busy
B90: Bachchan Rajvanshi | C90: 8298775638 | D90: 55 | E90: Male | F90: job | I90: rajvashi | K90: ARWAL | L90: telpa | M90: sahar telpa | N90: Connected | O90: Yes | P90: Yes | S90: Yes | T90: social help | U90: Yes | W90: Bahut | X90: Yes | Y90: Yes | Z90: Yes | AA90: Verified
B91: Sanjeet Kumar (Chainpur) | C91: 6203893706 | D91: 18 | E91: Male | F91: student | I91: yadav | K91: ARWAL | L91: karpi | M91: sahar telpa | N91: Connected | O91: Yes | P91: NO | S91: Yes | T91: people help | V91: help | W91: Bahut | X91: Yes | Y91: Yes | Z91: Yes | AA91: Verified
B92: Ram Ji Rajvanshi | C92: 9973524417 | K92: ARWAL | N92: Switch off
B93: Ghanshyam Sah | C93: 7782069133 | K93: ARWAL | N93: Busy
B94: Nitish Kumar | C94: 9065585658 | D94: 25 | F94: student | I94: yadav | K94: ARWAL | L94: karpi | M94: keyal | N94: Connected | O94: Yes | S94: NO | U94: Yes | W94: Bahut | X94: Yes | Y94: Yes | Z94: Yes | AA94: Verified
B95: Rishikesh Kumar (Teacher) | C95: 9955 | K95: ARWAL | N95: Wrong No.
B96: Sanjeet Kumar | C96: 7939896002 | K96: ARWAL | N96: Wrong No.
B98: AC | C98: Name of Coordinator | D98: Total Data | E98: Call Connected | F98: Verified | G98: Not verified | H98: Not Received | I98: Busy | J98: Switch Off | K98: Wrong | L98: Call Back Later | M98: Remarks | N98: Meeting Date
B99: ARWAL | C99: Captain Deepu | D99: 41 | E99: 25 | F99: 25 | G99: 0 | H99: 1 | I99: 7 | J99: 5 | K99: 2 | L99: 1 | N99: 45865

Sheet TIKARI AC
A1: SLP List Assembly: TIKARI Training Date & Time: 27th JULY 9:00AM Location: Chhaavanee Mohalla, Infront of Masjid, Near Budhwa Mahade Asthan Hospital Road. Field Coordinator: Ashish Kumar
A8: Sr. No. | B8: Name | C8: Mobile Number | D8: 26th July Calling Status | E8: Confirmation Status | F8: Remarks
A9: 1 | B9: Prince Kumar | C9: 7319960500 | D9: Busy
A10: 2 | B10: Ritish Kumar | C10: 9798263918 | D10: Switch off
A11: 3 | B11: Pritam Kumar | C11: 9097937103 | D11: Connected | E11: CONFIRMED
A12: 4 | B12: Barjesh Kumar | C12: 9060365941 | D12: Connected | E12: CONFIRMED
A13: 5 | B13: Jitendra Kumar | C13: 6203490074 | D13: Connected | E13: CONFIRMED
A14: 6 | B14: Omprey Yadav | C14: 9631649075 | D14: Connected | E14: CONFIRMED
A15: 7 | B15: Rubi Devi | C15: 9608783425 | D15: Not Received
A16: 8 | B16: Shudesh Kumar | C16: 878996473 | D16: Switch off
A17: 9 | B17: Md. Tahuid | C17: 9431292623 | D17: Not Received
A18: 10 | B18: Ranjan Yadav | C18: 9006491194 | D18: Not Received
A19: 11 | B19: Dablu Kumar | C19: 6204192749 | D19: Connected | E19: NOT CONFIRMED
A20: 12 | B20: Guddu Kumar | C20: 8709532549 | D20: Not Received
A21: 13 | B21: Aman Kumar | C21: 6203208472 | D21: Connected | E21: NOT CONFIRMED | F21: wrong profile
A22: 14 | B22: Aman Gupta | C22: 9279038472 | D22: Connected | E22: CONFIRMED
A23: 15 | B23: Aman Rathor | C23: 7667730455 | D23: Connected | E23: CONFIRMED
A24: 16 | B24: Rajnish Kumar | C24: 6203303043 | D24: Switch off
A25: 17 | B25: Chitranjan Kumar | C25: 6200141584 | D25: Not Received
A26: 18 | B26: Sourav Kumar | C26: 9241697868 | D26: Busy
A27: 19 | B27: Randhir Kumar | C27: 7480929489 | D27: Connected | E27: CONFIRMED
A28: 20 | B28: Kush Ranjan | C28: 8797639217 | D28: Not Received
A29: 21 | B29: Gunjan Kumar | C29: 6205340964 | D29: Not Received
A30: 22 | B30: Ranjan Kumar | C30: 8791639217 | D30: Switch off
A31: 23 | B31: Ayush Kumar | C31: 9122244868 | D31: Connected | E31: CONFIRMED
A32: 24 | B32: Sonu Kumar | C32: 9693404461 | D32: Connected | E32: CONFIRMED
A33: 25 | B33: Rajveer Singh | C33: 6204731272 | D33: Connected | E33: CONFIRMED
A34: 26 | B34: Md. Abdul Hamir | C34: 7541031168 | D34: Call Back Later
A35: 27 | B35: Robin Sharma | C35: 980188133 | D35: Switch off
A36: 28 | B36: Upendra Kumar | C36: 9771297370 | D36: Connected | E36: CONFIRMED
A37: 29 | B37: Gunjan Devi | C37: 7766875105 | D37: Connected | E37: CONFIRMED
A38: 30 | B38: Akshay Choudhary | C38: 7488308839 | D38: Connected | E38: NOT CONFIRMED
A43: ASSEMBLY COORDINATOR (LEADER NAME) | B43: NAME | C43: NUMBER | D43: AGE | E43: GENDER | F43: PROFESSION | G43: RELIGION | H43: CATEGORY | I43: CASTE | J43: DISTRICT | K43: ASSEMBLY | L43: BLOCK | M43: PANCHAYAT | N43: Calling Status | O43: 1. क्या आप राजनीतिक या सामाजिक कार्य में रूचि रखते हैं? (हां/नहीं) | P43: 2. क्या आप वर्तमान में किसी सामाजिक या राजनैतिक संगठन से जुड़े हैं? (हाँ / नहीं) | Q43: संगठन का नाम (यदि हाँ): | R43: भूमिका (1-2 शब्द): | S43: 3. आपने अब तक अपने क्षेत्र में कोई सामाजिक या जन सरोकार का कार्य किया है? (हाँ / नहीं) | T43: यदि हाँ, तो एक उदाहरण दें: | U43: 4. क्या आपने कभी किसी जनप्रतिनिधि से जनता के मुद्दों को लेकर बात की है? (हाँ / नहीं) | V43: यदि हाँ, तो मुद्दा: | W43: 5. सामाजिक न्याय और समानता आपके लिए कितनी महत्वपूर्ण है? (बहुत / कुछ हद तक / नहीं) | X43: 6. क्या आप मानते हैं कि भारतीय संविधान की बातें – न्याय, स्वतंत्रता, समानता, बंधुत्व – ज़मीनी स्तर तक पहुंचें? (हाँ / नहीं) | Y43: 7. क्या आप कांग्रेस पार्टी द्वारा चलाए जा रहे संविधान लीडरशिप प्रोग्राम के बारे में जानते हैं? (हां/नहीं) (यदि नहीं तो संविधान लीडरशिप प्रोग्राम के बारे में जानकारी- ) | Z43: 8. क्या आप इस प्रोग्राम में नेतृत्व की भूमिका निभाने को तैयार हैं? (हाँ / नहीं / विचार कर रहा/रही हूं) | AA43: Verification Status | AB43: Remarks
A44: ASHISH KUMAR (TIKARI) | B44: Prince Kumar | C44: 7319960500 | D44: 35 | E44: Male | F44: socal worker | G44: muslim | H44: General | I44: shekh | J44: Gaya | K44: TIKARI | L44: kishanganj | M44: kishanganj | N44: Connected | O44: Yes | P44: Yes | Q44: congress | R44: town President | S44: Yes | T44: Road light | U44: Yes | V44: ramjan river | W44: Bahut | X44: Yes | Y44: Yes | Z44: Yes | AA44: Verified
B45: Ritish Kumar | C45: 9798263918 | J45: Gaya | K45: TIKARI | N45: Switch off
B46: Pritam Kumar | C46: 9097937103 | J46: Gaya | K46: TIKARI | N46: Not Received
B47: Barjesh Kumar | C47: 9060365941 | D47: 40 | E47: Male | F47: company | G47: Hindu | H47: OBC | I47: chandrawansi | J47: Gaya | K47: TIKARI | L47: Tikari | M47: mussi | N47: Connected | O47: Yes | P47: NO | S47: Yes | T47: unemployment | U47: Yes | V47: Development | W47: Bahut | X47: Yes | Y47: NO | Z47: Yes | AA47: Verified
B48: Jitendra Kumar | C48: 6203490074 | D48: 25 | E48: Male | F48: Student | G48: Hindu | H48: OBC | I48: Yadav | J48: Gaya | K48: TIKARI | L48: Tikari | M48: Palwar | N48: Connected | O48: Yes | P48: Yes | Q48: Congress | S48: NO | U48: NO | W48: Bahut | X48: Yes | Y48: Yes | Z48: Yes | AA48: Verified
B49: Omprey Yadav | C49: 9631649075 | J49: Gaya | K49: TIKARI | N49: Switch off
B50: Rubi Devi | C50: 9608783425 | J50: Gaya | K50: TIKARI | N50: Not Received
B51: Shudesh Kumar | C51: 878996473 | J51: Gaya | K51: TIKARI | N51: Switch off
B52: Md. Tahuid | C52: 9431292623 | J52: Gaya | K52: TIKARI | N52: Not Received
B53: Ranjan Yadav | C53: 9006491194 | J53: Gaya | K53: TIKARI | N53: Switch off
B54: Dablu Kumar | C54: 6204192749 | D54: 28 | E54: Male | F54: Student | G54: Hindu | H54: SC | I54: Paswan | J54: Gaya | K54: TIKARI | L54: Tikari | M54: Diwra | N54: Connected | O54: Yes | P54: Yes | Q54: congress | S54: NO | U54: NO | W54: Bahut | X54: Yes | Y54: Yes | Z54: Yes | AA54: Verified
B55: Guddu Kumar | C55: 8709532549 | E55: Male | J55: Gaya | K55: TIKARI | N55: Wrong No.
B56: Aman Kumar | C56: 6203208472 | J56: Gaya | K56: TIKARI | N56: Wrong No.
B57: Aman Gupta | C57: 9279038472 | D57: 20 | E57: Male | F57: student | G57: Hindu | H57: obc | I57: gupta | J57: Gaya | K57: TIKARI | L57: tikari | M57: mahamnna | N57: Connected | O57: Yes | P57: Yes | Q57: congress | S57: NO | U57: NO | W57: Bahut | X57: Yes | Y57: Yes | Z57: Yes | AA57: Verified
B58: Aman Rathor | C58: 7667730455 | D58: 20 | E58: Male | F58: student | G58: Hindu | H58: general | I58: rajput | J58: Gaya | K58: TIKARI | L58: tikari | M58: mahamnna | N58: Connected | O58: Yes | P58: Yes | Q58: congress | S58: NO | U58: NO | W58: Bahut | X58: Yes | Y58: Yes | Z58: Yes | AA58: Verified
B59: Rajnish Kumar | C59: 6203303043 | J59: Gaya | K59: TIKARI | N59: Not Received
B60: Chitranjan Kumar | C60: 6200141584 | J60: Gaya | K60: TIKARI | N60: Busy
B61: Sourav Kumar | C61: 9241697868 | J61: Gaya | K61: TIKARI | N61: Busy
B62: Randhir Kumar | C62: 7480929489 | D62: 21 | E62: Male | F62: student | G62: Hindu | H62: sc | I62: dash | J62: Gaya | K62: TIKARI | L62: tikar | M62: tikari | N62: Connected | O62: Yes | P62: Yes | Q62: congress | S62: NO | U62: NO | W62: Bahut | X62: Yes | Y62: Yes | Z62: Yes | AA62: Verified
B63: Kush Ranjan | C63: 8797639217 | J63: Gaya | K63: TIKARI | N63: Busy
B64: Gunjan Kumar | C64: 6205340964 | D64: 21 | E64: Male | F64: student | G64: Hindu | H64: ebc | I64: mali | J64: Gaya | K64: TIKARI | L64: tikari | M64: tikari | N64: Connected | O64: Yes | P64: Yes | Q64: congress | S64: NO | U64: NO | W64: Bahut | X64: Yes | Y64: Yes | Z64: Yes | AA64: Verified
B65: Ranjan Kumar | C65: 8791639217 | J65: Gaya | K65: TIKARI | N65: Switch off
B66: Ayush Kumar | C66: 9122244868 | D66: 18 | E66: Male | F66: student | G66: Hindu | H66: general | I66: Brahaman | J66: Gaya | K66: TIKARI | L66: tikari | M66: tikari | N66: Connected | O66: Yes | P66: NO | W66: Bahut | X66: Yes | Y66: Yes | Z66: Yes | AA66: Verified
B67: Sonu Kumar | C67: 9693404461 | D67: 22 | E67: Male | F67: Student | G67: Hindu | H67: OBC | I67: Halwai | J67: Gaya | K67: TIKARI | L67: Coach | M67: Coach | N67: Connected | O67: Yes | P67: NO | S67: NO | U67: NO | W67: Bahut | X67: Yes | Y67: Yes | Z67: Yes | AA67: Verified
B68: Rajveer Singh | C68: 6204731272 | D68: 22 | E68: Male | F68: Student | G68: Hindu | H68: General | I68: Rajut | J68: Gaya | K68: TIKARI | L68: coach | M68: Uttrain | N68: Connected | O68: Yes | P68: Yes | Q68: Congress | S68: NO | U68: NO | W68: Bahut | X68: Yes | Y68: Yes | Z68: Yes | AA68: Verified
B69: Md. Abdul Hamir | C69: 7541031168 | D69: 18 | E69: Male | F69: Student | G69: Muslim | H69: OBC | I69: sadiki | J69: Gaya | K69: TIKARI | L69: Tikari | N69: Connected | O69: NO | P69: Yes | Q69: Congress | S69: NO | U69: NO | W69: Bahut | X69: Yes | Y69: Yes | Z69: Yes | AA69: Verified
B70: Robin Sharma | C70: 980188133 | J70: Gaya | K70: TIKARI | N70: Switch off
B71: Upendra Kumar | C71: 9771297370 | D71: 33 | E71: Male | F71: NGO | G71: Hindu | H71: SC | I71: chamaar | J71: Gaya | K71: TIKARI | L71: Tikari | M71: Noni | N71: Connected | O71: Yes | P71: NO | S71: Yes | T71: Road | U71: NO | W71: Bahut | X71: Yes | Y71: NO | Z71: Yes | AA71: Verified
B72: Gunjan Devi | C72: 7766875105 | K72: TIKARI | N72: Not Received
B73: Akshay Choudhary | C73: 7488308839 | D73: 31 | E73: Male | F73: ward Parsd | G73: Hindu | H73: SC | I73: pasi | J73: Gaya | K73: TIKARI | L73: Tikari | M73: Tikari | N73: Connected | O73: Yes | P73: Yes | Q73: congress | S73: yes | T73: Road | U73: yes | V73: Light | W73: Bahut | X73: Yes | Y73: Yes | Z73: Yes | AA73: verified
D76: AC | E76: Name of Coordinator | F76: Total Data | G76: Call Connected | H76: Verified | I76: Not verified | J76: Not Received | K76: Busy | L76: Switch Off | M76: Wrong | N76: Call Back Later | O76: Remarks
D77: TIKARI | E77: Ashish Kumar | F77: 30 | G77: 13 | H77: 13 | I77: 0 | J77: 4 | K77: 3 | L77: 6 | M77: 2 | N77: 0

Sheet PRANPUR AC
A1: SLP List Assembly: PRANPUR Training Date & Time: 28/07/25 11:00am Location: Daroga bagicha aazam nagar Field Coordinator: MD IMBESAT AHMAD
A6: Sr. No. | B6: Name | C6: Mobile Number | D6: Calling Status 26th July | E6: Confirmation Status | F6: Remarks
A7: 1 | B7: Md Haseeb | C7: 7520145681 | D7: Connected | E7: CONFIRMED
A8: 2 | B8: Md Sami Akhtar | C8: 9939489345 | D8: Connected | E8: CONFIRMED
A9: 3 | B9: Md Jahangir Alam | C9: 9006727605, 6206600906 | D9: Connected | E9: CONFIRMED
A10: 4 | B10: Md Firoj | C10: 7260979038, 7633900190 | D10: Connected | E10: CONFIRMED
A11: 5 | B11: Md Sajid Ali | C11: 7903381812 | D11: Connected | E11: CONFIRMED
A12: 6 | B12: Md Tanveer Shah | C12: 9264167757 | D12: Connected | E12: CONFIRMED
A13: 7 | B13: Md Hashim | C13: 9798147335 | D13: Connected | E13: CONFIRMED
A14: 8 | B14: Firoz Alam | C14: 8873758984 | D14: Connected | E14: CONFIRMED
A15: 9 | B15: Md Firoz Alam | C15: 9661518971 | D15: Connected | E15: CONFIRMED
A16: 10 | B16: Md Anwar Alam | C16: 8210787306 | D16: Connected | E16: CONFIRMED
A17: 11 | B17: Md Shabbir | C17: 7903915451 | D17: Connected | E17: CONFIRMED
A18: 12 | B18: Sukhdev Rai | C18: 9939026809 | D18: Connected | E18: CONFIRMED
A19: 13 | B19: Md Mamnoon Akhtar | C19: 7631212149 | D19: Connected | E19: CONFIRMED
A20: 14 | B20: Mir Sultan Ahmad | C20: 7367838076 | D20: Connected | E20: CONFIRMED
A21: 15 | B21: Md Mushfique Alam | C21: 9508652602 | D21: Connected | E21: CONFIRMED
A22: 16 | B22: Md Shah Jahan | C22: 9113325794 | D22: Connected | E22: CONFIRMED
... A35: 29 | B35: MD Sajid Alam | C35: 9931730841 | D35: Connected | E35: CONFIRMED
B36: Ranjeet Ravi Das | C36: 7643067272
B37: Govind Rai | C37: 8252412964
B38: Zulfiqar Ansari | C38: 7739916619
B39: Dharmanand Mistry | C39: 9661817387, 8084037146
B40: Raushan Jamil | C40: 7320883378
B41: Md Nezamuddin | C41: 7033056676
B42: Pawan Kumar Poddar | C42: 9996405211
B43: Akhtar | C43: 7033013470
B44: Md Sarfaraz | C44: 7543848949
B45: Sanjay Rai | C45: 8092728916
B46: Md Naushad Alam | C46: 9955445933
B47: Guddu | C47: 7091361785
B48: Pradip Kumar Rai | C48: 8084852393
B49: Md Shadab Karim | C49: 7488257331
B50: Md Akhtar | C50: 9304212043
B51: Pappu Singh | C51: 6299737282
... B53: Md Sanaullah | C53: 7739969599
A56: ASSEMBLY COORDINATOR (LEADER NAME) | B56: NAME | C56: NUMBER | D56: AGE | E56: GENDER | F56: PROFESSION | G56: RELIGION | H56: CATEGORY | I56: CASTE | J56: DISTRICT | K56: ASSEMBLY | L56: BLOCK | M56: PANCHAYAT | N56: Calling Status | O56: 1. क्या आप राजनीतिक या सामाजिक कार्य में रूचि रखते हैं? (हां/नहीं) | P56: 2. क्या आप वर्तमान में किसी सामाजिक या राजनैतिक संगठन से जुड़े हैं? (हाँ / नहीं) | Q56: संगठन का नाम (यदि हाँ): | R56: भूमिका (1-2 शब्द): | S56: 3. आपने अब तक अपने क्षेत्र में कोई सामाजिक या जन सरोकार का कार्य किया है? (हाँ / नहीं) | T56: यदि हाँ, तो एक उदाहरण दें: | U56: 4. क्या आपने कभी किसी जनप्रतिनिधि से जनता के मुद्दों को लेकर बात की है? (हाँ / नहीं) | V56: यदि हाँ, तो मुद्दा: | W56: 5. सामाजिक न्याय और समानता आपके लिए कितनी महत्वपूर्ण है? (बहुत / कुछ हद तक / नहीं) | X56: 6. क्या आप मानते हैं कि भारतीय संविधान की बातें – न्याय, स्वतंत्रता, समानता, बंधुत्व – ज़मीनी स्तर तक पहुंचें? (हाँ / नहीं) | Y56: 7. क्या आप कांग्रेस पार्टी द्वारा चलाए जा रहे संविधान लीडरशिप प्रोग्राम के बारे में जानते हैं? (हां/नहीं) (यदि नहीं तो संविधान लीडरशिप प्रोग्राम के बारे में जानकारी- ) | Z56: 8. क्या आप इस प्रोग्राम में नेतृत्व की भूमिका निभाने को तैयार हैं? (हाँ / नहीं / विचार कर रहा/रही हूं) | AA56: Verification Status | AB56: Remarks
A57: MD IMBESAT AHMAD (7838622990) | B57: Md Haseeb | C57: 7520145681 | D57: 54 | E57: Male | F57: farmer | G57: muslim | H57: general | I57: muslim | J57: Katihar | K57: PRANPUR | L57: Aajamnagar | M57: salmari | N57: Connected | O57: Yes | P57: Yes | Q57: congress | R57: vidhan sabha mahasachiv | S57: Yes | T57: white tshirt ke bare me btana or mai behan maan yojna ki jankari dena | U57: Yes | V57: bjp gov ka ghotala ke bare me btana ye sb ke mudhe pr baat kiye hai | W57: bhut | X57: Yes | Y57: Yes | Z57: Yes | AA57: Verified
B58: Md Sami Akhtar | C58: 9939489345 | D58: 45 | E58: Male | F58: tax sachiv hai | G58: muslim | H58: general | I58: muslim | J58: Katihar | K58: PRANPUR | L58: Aajamnagar | M58: salmari | N58: Connected | O58: Yes | P58: NO | S58: Yes | T58: mukhiya ke election me bhagidari hote h | U58: Yes | V58: samaj ke vyasthao | W58: bhut | X58: Yes | Y58: Yes | Z58: Yes | AA58: Verified
B59: Md Jahangir Alam | C59: 9006727605, 6206600906 | E59: Male | F59: teacher hai | G59: muslim | H59: sc | I59: muslim | J59: Katihar | K59: PRANPUR | L59: Aajamnagar | M59: salmari | N59: Connected | O59: Yes | P59: Yes | Q59: congress | R59: panchayat sarpanch hai | S59: NO | U59: NO | W59: kuch had tak | X59: Yes | Y59: Yes | Z59: Yes | AA59: Verified
B60: Md Firoj | C60: 7260979038, 7633900190 | D60: 48 | E60: Male | F60: business | G60: muslim | I60: muslim | J60: Katihar | K60: PRANPUR | L60: Aajamnagar | M60: salmari | N60: Connected | O60: Yes | P60: Yes | Q60: congress | S60: NO | U60: NO | W60: bhut | X60: Yes | Y60: Yes | Z60: Yes | AA60: Verified
B61: Md Sajid Ali | C61: 7903381812 | D61: 27 | E61: Male | F61: social worker hai | G61: muslim | H61: general | I61: muslim | J61: Katihar | K61: PRANPUR | L61: Aajamnagar | M61: salmari | N61: Connected | O61: Yes | P61: NO | S61: Yes | T61: road bnvae hai | U61: NO | W61: bhut | X61: Yes | Y61: Yes | Z61: Yes | AA61: Verified | AB61: bhumika nibhane ke liye tyar hai lekin congress ka baaner lekr nhi kaam krega khudse hi krega
B62: Ranjeet Ravi Das | C62: 7643067272 | J62: Katihar | K62: PRANPUR | N62: Not Received
B63: Govind Rai | C63: 8252412964 | J63: Katihar | K63: PRANPUR | N63: Busy
B64: Md Tanveer Shah | C64: 9264167757 | D64: 56 | E64: Male | F64: kirana shop h khudka | H64: sc | I64: pasin | J64: Katihar | K64: PRANPUR | L64: Aajamnagar | M64: sahi fasid | N64: Connected | O64: Yes | P64: Yes | Q64: congress | S64: Yes | T64: samaj seva | U64: Yes | V64: gao ke vikash ke liye | W64: bhut | X64: Yes | Y64: Yes | Z64: Yes | AA64: Verified
B65: Zulfiqar Ansari | C65: 7739916619 | J65: Katihar | K65: PRANPUR | N65: Busy
B66: Dharmanand Mistry | C66: 9661817387, 8084037146 | J66: Katihar | K66: PRANPUR | N66: Not Received
B67: Raushan Jamil | C67: 7320883378 | J67: Katihar | K67: PRANPUR | N67: Busy
B68: Md Nezamuddin | C68: 7033056676 | J68: Katihar | K68: PRANPUR | N68: Not Received
B69: Md Hashim | C69: 9798147335 | D69: 52 | E69: Male | F69: farmer | G69: muslim | I69: muslim | J69: Katihar | K69: PRANPUR | L69: Aajamnagar | M69: Tegra | N69: Connected | O69: Yes | P69: Yes | Q69: congress | R69: vard sadasya | S69: NO | U69: NO | W69: bhut | X69: Yes | Y69: Yes | Z69: Yes | AA69: Verified
B70: Firoz Alam | C70: 8873758984 | D70: 32 | E70: Male | F70: student | G70: muslim | H70: muslim | I70: muslim | J70: Katihar | K70: PRANPUR | L70: Aajamnagar | M70: tegra | N70: Connected | O70: Yes | P70: Yes | Q70: congress | R70: vard sadasya hai | S70: Yes | T70: virdhapincil ka karya krvana | U70: Yes | V70: nal jal ka karyo ko lekr | W70: bhut | X70: Yes | Y70: Yes | Z70: Yes | AA70: Verified
B71: Md Firoz Alam | C71: 9661518971 | D71: 52 | E71: Male | F71: condection line me karya krta h | G71: muslim | I71: Muslim | J71: Katihar | K71: PRANPUR | L71: Aajamnagar | M71: tegra | N71: Connected | O71: Yes | P71: Yes | Q71: congress | S71: NO | U71: NO | W71: bhut | X71: Yes | Y71: Yes | Z71: Yes | AA71: Verified
B72: Md Anwar Alam | C72: 8210787306 | D72: 35 | E72: Male | G72: muslim | I72: muslim | J72: Katihar | K72: PRANPUR | N72: Connected | O72: Yes | P72: Yes | Q72: congress | S72: NO | U72: NO | X72: Yes | Y72: Yes | Z72: Yes | AA72: Verified
B73: Pawan Kumar Poddar | C73: 9996405211 | J73: Katihar | K73: PRANPUR | N73: Busy
B74: Md Shabbir | C74: 7903915451 | D74: 28 | E74: Male | F74: student | G74: muslim | H74: obc | I74: Muslim | J74: Katihar | K74: PRANPUR | L74: Aajamnagar | M74: Aajamnagar | N74: Connected | O74: Yes | P74: Yes | Q74: congress | S74: Yes | T74: block level pr work kiye hai | U74: NO | W74: bhut | X74: Yes | Y74: Yes | Z74: Yes | AA74: Verified
B75: Sukhdev Rai | C75: 9939026809 | D75: 70 | E75: Male | G75: Hindu | H75: sc | I75: rai | J75: Katihar | K75: PRANPUR | L75: Aajamnagar | M75: Aajamnagar | N75: Connected | O75: Yes | P75: Yes | Q75: congress | S75: NO | U75: NO | W75: bhut | X75: Yes | Y75: Yes | Z75: Yes | AA75: Verified
B76: Md Mamnoon Akhtar | C76: 7631212149 | D76: 24 | E76: Male | F76: student | G76: muslim | H76: general | I76: muslim | J76: Katihar | K76: PRANPUR | L76: Aajamnagar | M76: Maheshpur | N76: Connected | O76: Yes | P76: NO | S76: NO | U76: NO | W76: bhut | X76: Yes | Y76: Yes | Z76: Yes | AA76: Verified
B77: Akhtar | C77: 7033013470 | J77: Katihar | K77: PRANPUR | N77: Busy
B78: Mir Sultan Ahmad | C78: 7367838076 | D78: 52 | E78: Male | F78: social worker | G78: muslim | H78: ebc | I78: muslim | J78: Katihar | K78: PRANPUR | L78: Aajamnagar | M78: Maheshpur | N78: Connected | O78: Yes | P78: Yes | Q78: congress | R78: member hai | S78: Yes | T78: panchayat election me sahyog Krna logo ko janakri dena | U78: Yes | V78: garib bacho ki pdhai ko lekr | W78: bhut | X78: Yes | Y78: Yes | Z78: Yes | AA78: Verified
B79: Md Mushfique Alam | C79: 9508652602 | D79: 39 | E79: Male | F79: business | G79: muslim | I79: muslim | J79: Katihar | K79: PRANPUR | L79: Aajamnagar | M79: Maheshpur | N79: Connected | O79: Yes | P79: Yes | Q79: congress | S79: Yes | T79: samaj seva | U79: Yes | V79: education ke mudhe pr | W79: bhut | X79: Yes | Y79: Yes | Z79: Yes | AA79: Verified
B80: Md Sarfaraz | C80: 7543848949 | J80: Katihar | K80: PRANPUR | N80: Busy
B81: Sanjay Rai | C81: 8092728916 | J81: Katihar | K81: PRANPUR | N81: Switch off
B82: Md Shah Jahan | C82: 9113325794 | D82: 29 | E82: Male | F82: social worker | G82: muslim | H82: general | I82: muslim | J82: Katihar | K82: PRANPUR | L82: Aajamnagar | M82: daniya | N82: Connected | O82: Yes | P82: Yes | Q82: congress | R82: vard parisad hai | S82: NO | U82: NO | W82: bhut | X82: Yes | Y82: Yes | Z82: Yes | AA82: Verified
B83: Md Shamim Akhtar | C83: 8292199733 | D83: 32 | E83: Male | F83: doctor hai | G83: muslim | H83: general | I83: muslim | J83: Katihar | K83: PRANPUR | L83: Aajamnagar | M83: chhauhal | N83: Connected | O83: Yes | P83: Yes | Q83: congress | S83: NO | U83: NO | W83: bhut | X83: Yes | Y83: Yes | Z83: Yes | AA83: Verified
B84: Md Naushad Alam | C84: 9955445933 | J84: Katihar | K84: PRANPUR | N84: Not Received
B85: Md Azad Alam | C85: 9304913550 | D85: 27 | E85: Male | F85: patrakarita hai | G85: muslim | H85: Ebc | I85: muslim | J85: Katihar | K85: PRANPUR | L85: Aajamnagar | M85: Malikpur | N85: Connected | O85: Yes | P85: NO | R85: vard sadasya hai | S85: Yes | T85: block level pr work Krna | U85: Yes | V85: bhrastachar ke mudhe or sikcha ke mudhe | W85: bhut | X85: Yes | Y85: Yes | Z85: Yes | AA85: Verified
B86: Nadim Akhtar | C86: 6377194795 | D86: 28 | E86: Male | F86: student | G86: muslim | H86: general | I86: muslim | J86: Katihar | K86: PRANPUR | L86: Aajamnagar | M86: malikpur | N86: Connected | O86: Yes | P86: NO | S86: NO | U86: NO | W86: bhut | X86: Yes | Y86: Yes | Z86: Yes | AA86: Verified
B87: Guddu | C87: 7091361785 | J87: Katihar | K87: PRANPUR | N87: Not Received
B88: Pradip Kumar Rai | C88: 8084852393 | J88: Katihar | K88: PRANPUR | N88: Switch off
B89: Musarraf Reza | C89: 8972414640 | D89: 31 | E89: Male | F89: businessman | G89: muslim | H89: general | I89: muslim | J89: Katihar | K89: PRANPUR | L89: Aajamnagar | M89: shilmani | N89: Connected | O89: Yes | P89: NO | S89: Yes | T89: Mai behan yojna ka karya kiye hai | U89: Yes | V89: sarak banvane ke liye or bijli ke vyavastha ko lekr baat kiye hai | W89: bhut | X89: Yes | Y89: Yes | Z89: Yes | AA89: Verified
B90: Md Shadab Karim | C90: 7488257331 | J90: Katihar | K90: PRANPUR | N90: Not Received
B91: Rinku Kumari | C91: 9162258006 | D91: 29 | E91: Female | G91: Hindu | H91: sc | I91: Harijan | J91: Katihar | K91: PRANPUR | L91: Aajamnagar | M91: shitalmani | N91: Connected | O91: Yes | P91: NO | S91: NO | U91: NO | W91: bhut | X91: Yes | Y91: NO | Z91: Yes | AA91: Verified
B92: Sunil Kumar Sorem | C92: 8102597758 | D92: 27 | E92: Male | G92: Hindu | H92: st | I92: Hindu | J92: Katihar | K92: PRANPUR | L92: Aajamnagar | M92: shitalmani | N92: Connected | O92: Yes | P92: Yes | S92: NO | U92: NO | W92: bhut | X92: Yes | Y92: Yes | Z92: Yes | AA92: Verified
B93: Tufail Ali Raza | C93: 8368302453 | D93: 38 | E93: Male | F93: business | G93: muslim | H93: general | I93: muslim | J93: Katihar | K93: PRANPUR | L93: Aajamnagar | M93: Amar shirpur | N93: Connected | O93: Yes | P93: Yes | Q93: congress | R93: panchayat adhyaksh hai | S93: Yes | T93: samaj seva garibo ki help karne ka karya kiye hai | U93: Yes | V93: berojgari ke liye | W93: bhut | X93: Yes | Y93: Yes | Z93: Yes | AA93: Verified
B94: Md Akhtar | C94: 9304212043 | J94: Katihar | K94: PRANPUR | N94: Not Received
B95: Nikhil Sharma | C95: 7274878501 | D95: 33 | E95: Male | F95: private job | G95: Hindu | H95: obc | I95: badhai | J95: Katihar | K95: PRANPUR | L95: Aajamnagar | M95: agarsindhpur | N95: Connected | O95: Yes | P95: NO | S95: NO | U95: NO | W95: bhut | X95: Yes | Y95: Yes | Z95: Yes | AA95: Verified
B96: Pappu Singh | C96: 6299737282 | J96: Katihar | K96: PRANPUR | N96: Busy
B97: Md Raunak | C97: 8809354786 | J97: Katihar | K97: PRANPUR | N97: Busy
B98: Md Sanaullah | C98: 7739969599 | J98: Katihar | K98: PRANPUR | N98: Busy
B99: Sanjay Rai | C99: 6202368484 | D99: 49 | E99: Male | G99: Hindu | H99: sc | I99: Harijan | J99: Katihar | K99: PRANPUR | L99: Aajamnagar | M99: jalki | N99: Connected | O99: Yes | P99: Yes | Q99: congress | S99: Yes | T99: aavasiya banvane ka karya kiye hai | U99: NO | W99: bhut | X99: Yes | Y99: Yes | Z99: Yes | AA99: Verified
B100: Rahil Ali Shah | C100: 9650501192 | D100: 34 | E100: Male | G100: muslim | H100: sc | I100: muslim | J100: Katihar | K100: PRANPUR | L100: Aajamnagar | M100: harnagar | N100: Connected | O100: Yes | P100: Yes | Q100: congress | S100: Yes | T100: corona time logo ko Khana dilvana or help kiye the | U100: Yes | V100: bandh banvane ka or sarak banvane ke mudhe pr | W100: bhut | X100: Yes | Y100: Yes | Z100: Yes | AA100: Verified
B101: Saiyed Imtiyaz Ali | C101: 9934019475 | D101: 36 | E101: Male | G101: muslim | H101: EWS | I101: muslim | J101: Katihar | K101: PRANPUR | L101: Pranpur | M101: kevla | N101: Connected | O101: Yes | P101: Yes | Q101: congress | S101: Yes | T101: kisan bill ka karya | U101: Yes | V101: kisan bill ko lekr aandolan Krna or nrc ko lekr | W101: bhut | X101: Yes | Y101: Yes | Z101: Yes | AA101: Verified
B102: Ram Chandra Sharma | C102: 9973950437 | D102: 55 | E102: Male | G102: Hindu | H102: obc | I102: badhai | J102: Katihar | K102: PRANPUR | L102: Aajamnagar | M102: Gorakhpur | N102: Connected | O102: Yes | P102: Yes | Q102: congress | S102: Yes | T102: virdhapincil dilane ka karya kiye hai | U102: Yes | V102: samaj me vikash ke liye | W102: bhut | X102: Yes | Y102: Yes | Z102: Yes | AA102: Verified
B103: MD Sajid Alam | C103: 9931730841 | D103: 33 | E103: Male | F103: business | G103: Muslim | H103: obc | I103: shekh | J103: Katihar | K103: PRANPUR | L103: Aaj manager | M103: kevla | N103: Connected | O103: Yes | P103: Yes | Q103: Congress | R103: member | S103: Yes | U103: Yes | W103: bhut zaroori hai | X103: Yes | Y103: Yes | Z103: Yes | AA103: Verified
B105: AC | C105: Name of Coordinator | D105: Total Data | E105: Call Connected | F105: Verified | G105: Not verified | H105: Not Received | I105: Busy | J105: Switch Off | K105: Wrong | L105: Call Back Later | M105: Remarks | N105: Meeting Date
B106: PRANPUR | C106: Imbesat Ahmad | D106: 47 | E106: 29 | F106: 29 | G106: 0 | H106: 7 | I106: 9 | J106: 2 | K106: 0 | L106: 0 | N106: 45866

Sheet KISHANGANJ AC
A1: SLP List Assembly: KISHANGANJ Training Date & Time: 27 July 2025, 10:00 AM Location: Rehmat Nagar Karbala Kishanganj Field Coordinator: SHUMS UDDIN ANSARI
A6: Sr. No. | B6: Name | C6: Mobile Number | D6: 26th July Calling Status | E6: Confirmation Status | F6: Remarks
A7: 1 | B7: Amjad Alam | C7: 9430081363 | D7: Connected | E7: CONFIRMED
A8: 2 | B8: Anchan Devi | C8: 9608007073 | D8: Connected | E8: CONFIRMED
A9: 3 | B9: Ashfaq Alam | C9: 7908608094 | D9: Connected | E9: CONFIRMED
A10: 4 | B10: Badrul Alam | C10: 9564198822 | D10: Busy
A11: 5 | B11: Budhan Singh | C11: 6206192169 | D11: Connected | E11: CONFIRMED
A12: 6 | B12: Farhat | C12: 6201816401 | D12: Not Received
A13: 7 | B13: Faryaz Alam | C13: 7667519336 | D13: Connected | E13: CONFIRMED
A14: 8 | B14: Gultaz | C14: 9241370743 | D14: Not Received
A15: 9 | B15: Jabbar | C15: 8521888445 | D15: Not Received
A16: 10 | B16: Jahangir Alam | C16: 9933904605 | D16: Connected | E16: CONFIRMED
A17: 11 | B17: Md Ahsan | C17: 9478685134 | D17: Not Received
A18: 12 | B18: Md Kabir | C18: 9113700252 | D18: Connected | E18: CONFIRMED
A19: 13 | B19: Md Rehan | C19: 7292830314 | D19: Connected | E19: CONFIRMED
A20: 14 | B20: Meraj Alam | C20: 6201981464 | D20: Connected | E20: CONFIRMED
A21: 15 | B21: Mohd Resu | C21: 7739320475 | D21: Connected | E21: CONFIRMED
A22: 16 | B22: Mohd Shadab | C22: 9234539898 | D22: Connected | E22: CONFIRMED
A23: 17 | B23: Muftadi | C23: 6299419122 | D23: Connected | E23: CONFIRMED
A24: 18 | B24: Radha Kumari | C24: 6202309302 | D24: Connected | E24: CONFIRMED
A25: 19 | B25: Rakesh Das | C25: 6201383079 | D25: Connected | E25: CONFIRMED
A26: 20 | B26: Sanjay | C26: 9631247871 | D26: Connected | E26: CONFIRMED
A27: 21 | B27: Sanjay Saini | C27: 8002783520 | D27: Connected | E27: CONFIRMED
A28: 22 | B28: Thabasum | C28: 9835962089 | D28: Connected | E28: CONFIRMED
A29: 23 | B29: Amanullah | C29: 9693567984 | D29: Not Received
A30: 24 | B30: Shabir Alam | C30: 6201595936 | D30: Connected | E30: CONFIRMED
A31: 25 | B31: Nayeem Aktar | C31: 9955090896 | D31: Connected | E31: CONFIRMED
A32: 26 | B32: Kausher Alam | C32: 7992376020 | D32: Connected | E32: CONFIRMED
A33: 27 | B33: Kishor Kumar | C33: 9142165692 | D33: Connected | E33: CONFIRMED
A34: 28 | B34: Shadab Alam | C34: 6204005191 | D34: Connected | E34: CONFIRMED
A36: ASSEMBLY COORDINATOR (LEADER NAME) | B36: NAME | C36: NUMBER | D36: AGE | E36: GENDER | F36: PROFESSION | G36: RELIGION | H36: CATEGORY | I36: CASTE | J36: DISTRICT | K36: ASSEMBLY | L36: BLOCK | M36: PANCHAYAT | N36: Calling Status | O36: 1. क्या आप राजनीतिक या सामाजिक कार्य में रूचि रखते हैं? (हां/नहीं) | P36: 2. क्या आप वर्तमान में किसी सामाजिक या राजनैतिक संगठन से जुड़े हैं? (हाँ / नहीं) | Q36: संगठन का नाम (यदि हाँ): | R36: भूमिका (1-2 शब्द): | S36: 3. आपने अब तक अपने क्षेत्र में कोई सामाजिक या जन सरोकार का कार्य किया है? (हाँ / नहीं) | T36: यदि हाँ, तो एक उदाहरण दें: | U36: 4. क्या आपने कभी किसी जनप्रतिनिधि से जनता के मुद्दों को लेकर बात की है? (हाँ / नहीं) | V36: यदि हाँ, तो मुद्दा: | W36: 5. सामाजिक न्याय और समानता आपके लिए कितनी महत्वपूर्ण है? (बहुत / कुछ हद तक / नहीं) | X36: 6. क्या आप मानते हैं कि भारतीय संविधान की बातें – न्याय, स्वतंत्रता, समानता, बंधुत्व – ज़मीनी स्तर तक पहुंचें? (हाँ / नहीं) | Y36: 7. क्या आप कांग्रेस पार्टी द्वारा चलाए जा रहे संविधान लीडरशिप प्रोग्राम के बारे में जानते हैं? (हां/नहीं) (यदि नहीं तो संविधान लीडरशिप प्रोग्राम के बारे में जानकारी- ) | Z36: 8. क्या आप इस प्रोग्राम में नेतृत्व की भूमिका निभाने को तैयार हैं? (हाँ / नहीं / विचार कर रहा/रही हूं) | AA36: Verification Status | AB36: Remarks
A37: SHUMS UDDIN ANSARI | B37: Amjad Alam | C37: 9430081363 | D37: 35 | E37: Male | F37: private work | G37: muslim | H37: junral | I37: Sekh | J37: kishanganj | K37: KISHANGANJ | L37: kishanganj | M37: Municipal corporation | N37: Connected | O37: Yes | P37: Yes | Q37: congress | R37: nager yoba | S37: Yes | T37: social work | U37: Yes | V37: ramjan nadi | W37: Bahut | X37: Yes | Y37: Yes | Z37: Yes | AA37: Verified
B38: Anchan Devi | C38: 9608007073 | D38: 33 | E38: Female | F38: house wife | G38: Hindu | H38: OBC | I38: Mahto | J38: kishanganj | K38: KISHANGANJ | L38: kishanganj | M38: municipal corporation | N38: Connected | O38: Yes | P38: NO | S38: NO | U38: NO | W38: Kuch Had Tak | X38: Yes | Y38: NO | Z38: Yes | AA38: Verified
B39: Ashfaq Alam | C39: 7908608094 | D39: 33 | E39: Male | F39: business | G39: muslim | H39: EBC | J39: kishanganj | K39: KISHANGANJ | L39: pothia | M39: duban ucchi | N39: Connected | O39: Yes | P39: Yes | Q39: congress | S39: Yes | T39: helping people | U39: Yes | V39: devlopment | W39: Bahut | X39: Yes | Y39: Yes | Z39: Yes | AA39: Verified
B40: Badrul Alam | C40: 9564198822 | D40: 32 | E40: Male | F40: ward members | G40: muslim | H40: OBC | J40: kishanganj | K40: KISHANGANJ | L40: pothia | M40: gourukhal | N40: Connected | O40: Yes | P40: Yes | Q40: congress | S40: NO | U40: NO | W40: Bahut | X40: Yes | Y40: Yes | Z40: Yes | AA40: Verified
B41: Budhan Singh | C41: 6206192169 | D41: 36 | E41: Male | F41: NGO | G41: Hindu | H41: obc | I41: ranbabsi | J41: kishanganj | K41: KISHANGANJ | L41: pothia | M41: mirjapur | N41: Connected | O41: Yes | P41: Yes | Q41: kisan ykta | R41: a/c | S41: Yes | T41: helping people | U41: NO | W41: Bahut | X41: Yes | Y41: Yes | Z41: Yes | AA41: Verified
B42: Farhat | C42: 6201816401 | D42: 27 | E42: Male | F42: business | G42: muslim | H42: OBC | J42: kishanganj | K42: KISHANGANJ | L42: pothia | M42: sital Pur | N42: Connected | O42: Yes | P42: Yes | Q42: RJD | R42: panchayat | S42: Yes | T42: social work | U42: Yes | V42: devlopment | W42: Kuch Had Tak | X42: Yes | Y42: Yes | Z42: Yes | AA42: Verified
B43: Faryaz Alam | C43: 7667519336 | D43: 29 | E43: Male | F43: business | G43: muslim | H43: OBC | J43: kishanganj | K43: KISHANGANJ | L43: pothia | M43: dubba nochi | N43: Connected | O43: Yes | P43: Yes | Q43: congress | S43: Yes | T43: helping people | U43: Yes | V43: devlopment | W43: Bahut | X43: Yes | Y43: Yes | Z43: Yes | AA43: Verified
B44: Gultaz | C44: 9241370743 | D44: 29 | E44: Male | F44: block president | G44: muslim | H44: junral | J44: kishanganj | K44: KISHANGANJ | L44: chalka | M44: doula | N44: Connected | O44: Yes | P44: NO | S44: Yes | T44: social work | U44: NO | W44: Bahut | X44: Yes | Y44: Yes | Z44: Yes | AA44: Verified
B45: Jabbar | C45: 8521888445 | D45: 30 | E45: Male | F45: student | G45: muslim | H45: OBC | J45: kishanganj | K45: KISHANGANJ | L45: pothia | M45: gorukhal | N45: Connected | O45: Yes | P45: Yes | Q45: congress | S45: Yes | T45: helping people | U45: Yes | V45: farmer problem | W45: Bahut | X45: Yes | Y45: Yes | Z45: Yes | AA45: Verified
B46: Jahangir Alam | C46: 9933904605 | D46: 25 | E46: Male | F46: business | G46: muslim | H46: junral | J46: kishanganj | K46: KISHANGANJ | L46: pothia | M46: gorokhal | N46: Connected | O46: Yes | P46: Yes | Q46: congress | S46: Yes | T46: helping people | U46: Yes | V46: devlopment | W46: Bahut | X46: Yes | Y46: Yes | Z46: Yes | AA46: Verified
B47: Kausher Alam | C47: 7992376020 | E47: Male | K47: KISHANGANJ | N47: Call Back Later
B48: Kishor Kumar | C48: 9142165692 | E48: Male | K48: KISHANGANJ | N48: Call Back Later
B49: Md Ahsan | C49: 9478685134 | D49: 23 | E49: Male | F49: business | G49: muslim | H49: OBC | J49: kishanganj | K49: KISHANGANJ | L49: pothia | M49: gorukhal | N49: Connected | O49: Yes | P49: Yes | Q49: congress | S49: Yes | T49: helping people | U49: Yes | W49: Bahut | X49: Yes | Y49: Yes | Z49: Yes | AA49: Verified
B50: Md Kabir | C50: 9113700252 | D50: 34 | E50: Male | F50: business | G50: muslim | H50: OBC | J50: kishanganj | K50: KISHANGANJ | L50: pothia | M50: mirjapur | N50: Connected | O50: Yes | P50: Yes | Q50: congress | S50: Yes | T50: helping people | U50: Yes | V50: devlopment | W50: Kuch Had Tak | X50: Yes | Y50: Yes | Z50: Yes | AA50: Verified
B51: Md Rehan | C51: 7292830314 | D51: 21 | E51: Male | F51: student | G51: muslim | H51: OBC | J51: kishanganj | K51: KISHANGANJ | L51: pothia | M51: bota thana | N51: Connected | O51: Yes | P51: NO | S51: Yes | T51: helping people | U51: Yes | V51: devlopment | W51: Bahut | X51: Yes | Y51: Yes | Z51: Yes | AA51: Verified
B52: Meraj Alam | C52: 6201981464 | D52: 26 | E52: Male | F52: business | G52: muslim | H52: OBC | J52: kishanganj | K52: KISHANGANJ | L52: pothia | M52: kusayari | N52: Connected | O52: Yes | P52: Yes | Q52: congress | S52: Yes | T52: helping people | U52: NO | W52: Bahut | X52: Yes | Y52: Yes | Z52: Yes | AA52: Verified
B53: Mohd Resu | C53: 7739320475 | D53: 48 | E53: Male | F53: farmer | G53: muslim | H53: junral | J53: kishanganj | K53: KISHANGANJ | L53: pothia | M53: gorukhal | N53: Connected | O53: Yes | P53: Yes | Q53: congress | S53: Yes | T53: helping people | U53: Yes | V53: devlopment | W53: Bahut | X53: Yes | Y53: Yes | Z53: Yes | AA53: Verified
B54: Mohd Shadab | C54: 9234539898 | D54: 18 | E54: Male | F54: student | G54: muslim | H54: junral | J54: kishanganj | K54: KISHANGANJ | L54: kishanganj | M54: municipal corporation | N54: Connected | O54: NO | P54: NO | S54: NO | U54: Yes | V54: education | W54: Bahut | X54: Yes | Y54: NO | Z54: Yes | AA54: Verified
B55: Muftadi | C55: 6299419122 | D55: 32 | E55: Male | F55: business | G55: muslim | H55: junral | J55: kishanganj | K55: KISHANGANJ | L55: kishanganj | M55: chakla | N55: Connected | O55: Yes | P55: Yes | Q55: congress | R55: youth precident | S55: Yes | T55: helping people | U55: NO | W55: Bahut | X55: Yes | Y55: Yes | Z55: Yes | AA55: Verified
B56: Radha Kumari | C56: 6202309302 | D56: 22 | E56: Female | F56: NGO | G56: Hindu | H56: OBC | I56: yadav | J56: kishanganj | K56: KISHANGANJ | L56: kishanganj | M56: mhengam | N56: Connected | O56: Yes | P56: NO | S56: Yes | T56: social work | U56: NO | W56: Kuch Had Tak | X56: Yes | Y56: Yes | Z56: Yes | AA56: Verified
B57: Rakesh Das | C57: 6201383079 | D57: 50 | E57: Male | F57: business | G57: Hindu | H57: sc | J57: kishanganj | K57: KISHANGANJ | L57: tedha gach | M57: kalpeer | N57: Connected | O57: Yes | P57: NO | S57: Yes | T57: helping people | U57: Yes | V57: devlopment | W57: Bahut | X57: Yes | Y57: Yes | Z57: Yes | AA57: Verified
B58: Sanjay | C58: 9631247871 | D58: 44 | E58: Male | F58: business | G58: Hindu | H58: OBC | J58: kishanganj | K58: KISHANGANJ | L58: diggal Bank | M58: tulsiya | N58: Connected | O58: Yes | P58: NO | S58: Yes | T58: blood donation | U58: Yes | V58: farmer problem | W58: Bahut | X58: Yes | Y58: NO | Z58: Yes | AA58: Verified
B59: Sanjay Saini | C59: 8002783520 | D59: 45 | E59: Male | F59: politics | G59: Hindu | H59: EBC | J59: kishanganj | K59: KISHANGANJ | L59: tedha gach | M59: kalpir | N59: Connected | O59: Yes | P59: Yes | Q59: sahkarita | R59: chif security | S59: Yes | T59: helping people | U59: Yes | V59: devlopment | W59: Bahut | X59: Yes | Y59: Yes | Z59: Yes | AA59: Verified
B60: Shadab Alam | C60: 6204005191 | E60: Male | K60: KISHANGANJ | N60: Not Received
B61: Thabasum | C61: 9835962089 | D61: 22 | E61: Female | F61: teaching | G61: muslim | H61: OBC | J61: kishanganj | K61: KISHANGANJ | L61: kishanganj | M61: municipal corporation | N61: Connected | O61: Yes | P61: Yes | Q61: congress | S61: Yes | T61: awareness people | U61: Yes | V61: devlopment | W61: Bahut | X61: Yes | Y61: NO | Z61: Yes | AA61: Verified
B62: Amanullah | C62: 9693567984 | D62: 21 | E62: Male | F62: student | G62: muslim | H62: OBC | J62: kishanganj | K62: KISHANGANJ | L62: pothia | M62: phar katta | N62: Connected | O62: Yes | P62: NO | S62: Yes | T62: helping people | U62: Yes | V62: education | W62: Bahut | X62: Yes | Y62: Yes | Z62: Yes | AA62: Verified
B63: Shabir Alam | C63: 6201595936 | D63: 24 | E63: Male | F63: business | G63: muslim | H63: junral | J63: kishanganj | K63: KISHANGANJ | L63: pothia | M63: phar katta | N63: Connected | O63: Yes | P63: Yes | Q63: congress | S63: NO | U63: Yes | V63: devlopment | W63: Bahut | X63: Yes | Y63: Yes | Z63: Yes | AA63: Verified
B64: Nayeem Aktar | C64: 9955090896 | D64: 28 | E64: Male | F64: ward members | G64: muslim | H64: OBC | J64: kishanganj | K64: KISHANGANJ | L64: pothia | M64: phar katta | N64: Connected | O64: Yes | P64: Yes | Q64: congress | R64: district Presidents | S64: Yes | T64: helping people | U64: Yes | V64: devlopment | W64: Bahut | X64: Yes | Y64: Yes | Z64: Yes | AA64: Verified
B66: AC | C66: Name of Coordinator | D66: Total Data | E66: Call Connected | F66: Verified | G66: Not verified | H66: Not Received | I66: Busy | J66: Switch Off | K66: Wrong | L66: Call Back Later | M66: Remarks | N66: Meeting Date
B67: KISHANGANJ | C67: Shums Uddin Ansari | D67: 28 | E67: 25 | F67: 25 | G67: 0 | H67: 1 | I67: 0 | J67: 0 | K67: 0 | L67: 2

Sheet AURANGABAD
A1: SLP List Assembly: AURANGABAD Training Date & Time: 30th july, 9:30 am Location: Zila Congress Committe Karyalay(Nikhil Babu Ke Awash), Dani Bigha, Aurangabad Field Coordinator: ABDULLAH AMIN
A6: Sr. No. | B6: Name | C6: Mobile Number | D6: Calling Status | E6: Confirmation Status | F6: Remarks
A7: 1 | B7: Ziauddin | C7: 9852787878 | D7: Connected | E7: CONFIRMED
A8: 2 | B8: Manoj | C8: 6203448718 | D8: Not Received
A9: 3 | B9: Aslam | C9: 9504732283 | D9: Connected | E9: CONFIRMED
A10: 4 | B10: Muneer Khan | C10: 9931217442 | D10: Connected | E10: CONFIRMED
A11: 5 | B11: Shahnawaz | C11: 7979032014 | D11: Connected | E11: NOT CONFIRMED
A12: 6 | B12: Afzal Khan | C12: 9452409541 | D12: Connected | E12: CONFIRMED
A13: 7 | B13: Sushil Kumar Yadav | C13: 8603520234 | D13: Connected | E13: CONFIRMED
A14: 8 | B14: Nitin Kumar Yadav | C14: 9572842130 | D14: Connected | E14: NOT CONFIRMED
A15: 9 | B15: Sudhir Kumar | C15: 9939312926 | D15: Busy
A16: 10 | B16: Manish Kumar Yadav | C16: 9473294914 | D16: Connected | E16: CONFIRMED
A17: 11 | B17: Rodal Yadav | C17: 8969582082 | D17: Connected | E17: CONFIRMED
A18: 12 | B18: Chandrashekhar Kumar | C18: 6204785007 | D18: Busy
A19: 13 | B19: Kripa Shankar | C19: 9241038324 | D19: Not Received
A20: 14 | B20: Aman Kumar | C20: 7780062009 | D20: Connected | E20: CONFIRMED
A21: 15 | B21: Sonu Kumar | C21: 7370918902 | D21: Connected | E21: CONFIRMED
A22: 16 | B22: Pradeep Kumar | C22: 6202140134 | D22: Connected | E22: CONFIRMED
A23: 17 | B23: Raju Kumar | C23: 9102927676 | D23: Connected | E23: CONFIRMED
A24: 18 | B24: Bitu Kumar | C24: 7667300586 | D24: Connected | E24: CONFIRMED
A25: 19 | B25: Golu Kumar | C25: 7050061768 | D25: Connected | E25: NOT CONFIRMED
A26: 20 | B26: Md. Asgar | C26: 8777674850 | D26: Connected | E26: CONFIRMED
A27: 21 | B27: Bhola Kumar | C27: 6202813137 | D27: Busy
A28: 22 | B28: Shah Faisal | C28: 7739747146
B29: Jaylaxman | C29: 8804625606
B30: Nandu Yadav | C30: 7781852439
B31: Imteyaz | C31: 8409571632
B32: Muneer Ahmed | C32: 7654395511
B33: Suman Yadav | C33: 7091591301
B34: Deepak Kumar Kushwaha | C34: 7321870273
B35: Deepak Kumar Thakur | C35: 9060333407
B36: Abhay Kumar Yadav | C36: 9304752754
B37: Mahfooz Alam | C37: 6203824909
B38: Md. Taha | C38: 9163978025
A40: ASSEMBLY COORDINATOR (LEADER NAME) | B40: NAME | C40: NUMBER | D40: AGE | E40: GENDER | F40: PROFESSION | G40: RELIGION | H40: CATEGORY | I40: CASTE | J40: DISTRICT | K40: ASSEMBLY | L40: BLOCK | M40: PANCHAYAT | N40: Calling Status | O40: 1. क्या आप राजनीतिक या सामाजिक कार्य में रूचि रखते हैं? (हां/नहीं) | P40: 2. क्या आप वर्तमान में किसी सामाजिक या राजनैतिक संगठन से जुड़े हैं? (हाँ / नहीं) | Q40: संगठन का नाम (यदि हाँ): | R40: भूमिका (1-2 शब्द): | S40: 3. आपने अब तक अपने क्षेत्र में कोई सामाजिक या जन सरोकार का कार्य किया है? (हाँ / नहीं) | T40: यदि हाँ, तो एक उदाहरण दें: | U40: 4. क्या आपने कभी किसी जनप्रतिनिधि से जनता के मुद्दों को लेकर बात की है? (हाँ / नहीं) | V40: यदि हाँ, तो मुद्दा: | W40: 5. सामाजिक न्याय और समानता आपके लिए कितनी महत्वपूर्ण है? (बहुत / कुछ हद तक / नहीं) | X40: 6. क्या आप मानते हैं कि भारतीय संविधान की बातें – न्याय, स्वतंत्रता, समानता, बंधुत्व – ज़मीनी स्तर तक पहुंचें? (हाँ / नहीं) | Y40: 7. क्या आप कांग्रेस पार्टी द्वारा चलाए जा रहे संविधान लीडरशिप प्रोग्राम के बारे में जानते हैं? (हां/नहीं) (यदि नहीं तो संविधान लीडरशिप प्रोग्राम के बारे में जानकारी- ) | Z40: 8. क्या आप इस प्रोग्राम में नेतृत्व की भूमिका निभाने को तैयार हैं? (हाँ / नहीं / विचार कर रहा/रही हूं) | AA40: Verification Status | AB40: Remarks
A41: (AURANGABAD) ABDULLAH AMIN | B41: Ziauddin | C41: 9852787878 | D41: 29 | E41: Male | F41: social media | G41: Muslim | H41: pathan | I41: Muslim | J41: Aurangabad | K41: Aurangabad | L41: Aurangabad | M41: Aurangabad | N41: Connected | O41: Yes | P41: Yes | Q41: Congress | R41: member | S41: Yes | U41: Yes | W41: bahut | X41: Yes | Y41: Yes | Z41: Yes | AA41: Verified
B42: Jaylaxman | C42: 8804625606 | K42: Aurangabad | N42: Wrong No.
B43: Manoj | C43: 6203448718 | D43: 26 | E43: Male | F43: study | G43: Hindu | H43: sc | I43: paswan | J43: Aurangabad | K43: Aurangabad | L43: Aurangabad | M43: Aurangabad | N43: Connected | O43: Yes | P43: Yes | S43: Yes | T43: water electricity | U43: Yes | V43: berojgaari padhai | W43: bhut | X43: Yes | Y43: Yes | Z43: Yes | AA43: Verified
B44: Aslam | C44: 9504732283 | D44: 52 | E44: Male | F44: business | G44: Muslim | H44: obc | I44: anshari | J44: Aurangabad | K44: Aurangabad | L44: Aurangabad | M44: Aurangabad | N44: Connected | O44: Yes | P44: Yes | Q44: Congress | S44: Yes | T44: water | U44: Yes | V44: berojgaari | W44: bhut | X44: Yes | Y44: Yes | Z44: Yes | AA44: Verified
B45: Muneer Khan | C45: 9931217442 | D45: 56 | E45: Male | F45: business | G45: muslim | H45: junral | I45: Pathan | J45: Aurangabad | K45: Aurangabad | L45: Deo | M45: municipal corporation | N45: Connected | O45: Yes | P45: Yes | Q45: congress | S45: Yes | T45: helping people | U45: Yes | V45: devlopment | W45: bhut | X45: Yes | Y45: Yes | Z45: Yes | AA45: Verified
B46: Nandu Yadav | C46: 7781852439 | K46: Aurangabad | N46: Not Received
B47: Imteyaz | C47: 8409571632 | K47: Aurangabad | N47: Switch off
B48: Shahnawaz | C48: 7979032014 | D48: 28 | E48: Male | F48: private work | G48: muslim | H48: obc | J48: Aurangabad | K48: Aurangabad | L48: Aurangabad | M48: municipal corporation | N48: Connected | O48: Yes | P48: NO | S48: Yes | T48: helping people | U48: Yes | V48: devlopment | W48: bhut | X48: Yes | Y48: Yes | Z48: Yes | AA48: Verified
B49: Muneer Ahmed | C49: 7654395511 | D49: 32 | E49: Male | F49: ward members | G49: muslim | H49: EBC | J49: Aurangabad | K49: Aurangabad | L49: Deo | N49: Busy | AA49: Not Verified | AB49: kaam nhi Krna h
B50: Afzal Khan | C50: 9452409541 | D50: 26 | E50: Male | F50: business | G50: Muslim | H50: general | I50: pathan | J50: Aurangabad | K50: Aurangabad | L50: Aurangabad | M50: Aurangabad | N50: Connected | O50: Yes | P50: NO | S50: Yes | T50: water electricity | U50: NO | W50: bhut | X50: Yes | Y50: Yes | Z50: Yes | AA50: Verified
B51: Sushil Kumar Yadav | C51: 8603520234 | D51: 28 | E51: Male | F51: business | G51: Hindu | H51: obc | I51: yadav | J51: Aurangabad | K51: Aurangabad | L51: Aurangabad | M51: Aurangabad | N51: Connected | O51: Yes | P51: Yes | Q51: Congress | R51: Yuva adhyaksh | S51: Yes | T51: road water | U51: Yes | V51: padhai berojgari | W51: bhut . | X51: Yes | Y51: Yes | Z51: Yes | AA51: Verified
B52: Nitin Kumar Yadav | C52: 9572842130 | D52: 22 | E52: Male | F52: social worker | G52: Hindu | H52: obc | I52: yadav | J52: Aurangabad | K52: Aurangabad | L52: Aurangabad | M52: pokhrahan | N52: Connected | O52: Yes | P52: Yes | Q52: Congress | R52: member | S52: Yes | T52: Awareness people | U52: NO | W52: bhut | X52: Yes | Y52: Yes | Z52: Yes | AA52: Verified
B53: Suman Yadav | C53: 7091591301 | K53: Aurangabad | N53: Switch off
B54: Sudhir Kumar | C54: 9939312926 | D54: 28 | E54: Male | F54: student | G54: Hindu | H54: EBC | I54: chandrbansi | J54: Aurangabad | K54: Aurangabad | L54: Aurangabad | M54: pardih | N54: Connected | O54: Yes | P54: Yes | Q54: rjb | R54: panchayat precident | S54: Yes | T54: Awareness people | U54: Yes | V54: education devlopment | W54: bhut | X54: Yes | Y54: Yes | Z54: Yes | AA54: Verified
B55: Manish Kumar Yadav | C55: 9473294914 | D55: 22 | E55: Male | F55: study | G55: Hindu | H55: bc | I55: yadav | J55: Aurangabad | K55: Aurangabad | L55: Aurangabad | M55: Aurangabad | N55: Connected | O55: Yes | P55: NO | S55: Yes | U55: Yes | V55: berojgaari padhai dawai | W55: bhut | X55: Yes | Y55: Yes | Z55: Yes | AA55: Verified
B56: Rodal Yadav | C56: 8969582082 | D56: 40 | E56: Male | F56: teaching | G56: Hindu | H56: OBC | I56: yadav | J56: Aurangabad | K56: Aurangabad | L56: Aurangabad | M56: tokhraha | N56: Connected | O56: Yes | P56: Yes | Q56: rjb | S56: Yes | T56: helping people | U56: Yes | V56: devlopment | W56: bhut | X56: Yes | Y56: Yes | Z56: Yes | AA56: Verified
B57: Chandrashekhar Kumar | C57: 6204785007 | D57: 25 | E57: Male | F57: student | G57: Hindu | H57: sc | J57: Aurangabad | K57: Aurangabad | L57: Aurangabad | M57: tokhraha | N57: Connected | O57: Yes | P57: NO | S57: Yes | T57: helping people | U57: Yes | V57: devlopment | W57: bhut | X57: Yes | Y57: Yes | Z57: Yes | AA57: Verified
B58: Deepak Kumar Kushwaha | C58: 7321870273 | K58: Aurangabad | N58: Switch off
B59: Deepak Kumar Thakur | C59: 9060333407 | K59: Aurangabad | N59: Switch off
B60: Kripa Shankar | C60: 9241038324 | D60: 19 | E60: Male | F60: student | G60: Hindu | H60: OBC | I60: yadav | J60: Aurangabad | K60: Aurangabad | L60: Deo | M60: hasouli | N60: Connected | O60: Yes | P60: NO | S60: NO | U60: NO | W60: bhut | X60: Yes | Y60: Yes | Z60: Yes | AA60: Verified
B61: Aman Kumar | C61: 7780062009 | D61: 22 | E61: Male | F61: business | G61: Hindu | H61: bc2 | I61: khushwaha | J61: Aurangabad | K61: Aurangabad | L61: Aurangabad | M61: Aurangabad | N61: Connected | O61: Yes | P61: NO | S61: Yes | U61: Yes | W61: bhut | X61: Yes | Y61: Yes | Z61: Yes | AA61: Verified
B62: Sonu Kumar | C62: 7370918902 | D62: 24 | E62: Male | F62: student | G62: Hindu | H62: obc | J62: Aurangabad | K62: Aurangabad | L62: Deo | M62: Hasouli | N62: Connected | O62: Yes | P62: NO | S62: Yes | T62: helping people | U62: Yes | V62: devlopment | W62: bhut | X62: Yes | Y62: NO | Z62: Yes | AA62: Verified
B63: Pradeep Kumar | C63: 6202140134 | D63: 36 | E63: Male | F63: ward members | G63: Hindu | H63: sc | I63: dhobi | J63: Aurangabad | K63: Aurangabad | L63: Deo | M63: Hasouli | N63: Connected | O63: Yes | P63: Yes | Q63: congress | S63: Yes | T63: helping people | U63: Yes | V63: devlopment | W63: bhut | X63: Yes | Y63: Yes | Z63: Yes | AA63: Verified
B64: Abhay Kumar Yadav | C64: 9304752754 | E64: Male | K64: Aurangabad | N64: Call Back Later
B65: Raju Kumar | C65: 9102927676 | D65: 25 | E65: Male | G65: Hindu | H65: obc | I65: yadav | J65: Aurangabad | K65: Aurangabad | L65: Aurangabad | M65: pokhraha | N65: Connected | O65: Yes | P65: Yes | Q65: congress | S65: NO | U65: NO | W65: bhut | X65: Yes | Y65: Yes | Z65: Yes | AA65: Verified
B66: Bitu Kumar | C66: 7667300586 | D66: 20 | E66: Male | F66: student | G66: Hindu | H66: obc | I66: yadav | J66: Aurangabad | K66: Aurangabad | L66: Aurangabad | M66: pokhraha | N66: Connected | O66: Yes | P66: Yes | Q66: congress | S66: NO | U66: NO | W66: bhut | X66: Yes | Y66: Yes | Z66: Yes | AA66: Verified
B67: Golu Kumar | C67: 7050061768 | D67: 22 | E67: Male | G67: Hindu | H67: ebc | I67: teli | J67: Aurangabad | K67: Aurangabad | L67: Aurangabad | M67: pokhraha | N67: Connected | O67: Yes | P67: Yes | Q67: congress | S67: NO | U67: NO | W67: bhut | X67: Yes | Y67: Yes | Z67: Yes | AA67: Verified
B68: Mahfooz Alam | C68: 6203824909 | K68: Aurangabad | N68: Wrong No.
B69: Md. Taha | C69: 9163978025 | K69: Aurangabad | N69: Not Received
B70: Md. Asgar | C70: 8777674850 | D70: 45 | E70: Male | G70: muslim | H70: shekh | I70: muslim | J70: Aurangabad | K70: Aurangabad | L70: Aurangabad | M70: karma bhagwan | N70: Connected | O70: Yes | P70: Yes | Q70: congress | S70: NO | U70: NO | W70: bahut | X70: Yes | Y70: Yes | Z70: Yes | AA70: Verified
B71: Bhola Kumar | C71: 6202813137 | D71: 26 | E71: Male | F71: business | G71: Hindu | H71: sc | I71: chmar | J71: Aurangabad | K71: Aurangabad | L71: Aurangabad | M71: karma bhagwan | N71: Connected | O71: Yes | P71: Yes | Q71: congress | S71: NO | U71: NO | W71: bahut | X71: Yes | Y71: Yes | Z71: Yes | AA71: Verified
B72: Sanjay Kumar | C72: 9065781349 | K72: Aurangabad | N72: Call Back Later
B73: Hari Paswan | C73: 7324984345 | K73: Aurangabad | N73: Not Received
B74: Surender Kumar | C74: 9122166283 | K74: Aurangabad | N74: Switch off
B75: Sunil Kumar Yadav | C75: 9304821832 | K75: Aurangabad | N75: Wrong No.
B76: Surender Ram | C76: 7250009871 | K76: Aurangabad | N76: Busy
B77: Surender Yadav | C77: 9431096993 | K77: Aurangabad | N77: Not Received
B78: Jitendra Kumar | C78: 7004960913 | D78: 30 | E78: Male | F78: Unemployed | G78: Hindu | H78: OBC | I78: Kushwaha | J78: Aurangabad | K78: Aurangabad | L78: Aurangabad | M78: Bela | N78: Connected | O78: Yes | P78: Yes | Q78: RJD | R78: Member | S78: Yes | T78: bridge building | U78: Yes | V78: development | W78: Bahut | X78: Yes | Y78: NO | Z78: NO | AA78: Not Verified
B79: Shah Faisal | C79: 7739747146 | D79: 33 | E79: Male | F79: Business | G79: Islam | H79: General | I79: Khan | J79: Aurangabad | K79: Aurangabad | L79: Aurangabad | M79: Nagar Parishad | N79: Connected | O79: Yes | P79: NO | S79: Yes | T79: updating voter list | U79: Yes | V79: water problem, road | W79: Bahut | X79: Yes | Y79: Yes | Z79: Yes | AA79: Verified
B80: Faiyaz Khan | C80: 6299537311 | D80: 40 | E80: Male | F80: Electric Shop | G80: Islam | H80: General | I80: Khan | J80: Aurangabad | K80: Aurangabad | L80: Aurangabad | M80: Nagar Parishad | N80: Connected | O80: Yes | P80: NO | S80: Yes | T80: water supply, road | U80: Yes | V80: Road | W80: Bahut | X80: NO | Y80: Yes | Z80: NO | AA80: Not Verified
B81: Aarzoo Alam | C81: 7488020317 | K81: Aurangabad | N81: Not Received
B82: Jitendra Yadav | C82: 9931883429 | K82: Aurangabad | N82: Not Received
B83: Sarmad Khan | C83: 8340411186 | K83: Aurangabad | N83: Not Received
B86: AC | C86: Name of Coordinator | D86: Total Data | E86: Call Connected | F86: Verified | G86: Not verified | H86: Not Received | I86: Busy | J86: Switch Off | K86: Wrong | L86: Call Back Later | M86: Remarks
B87: AURANGABAD | C87: Abdullah Amin | D87: 43 | E87: 24 | F87: 22 | G87: 3 | H87: 7 | I87: 2 | J87: 5 | K87: 3 | L87: 2

Sheet CHIRAYA AC
A1: SLP List Assembly: CHIRAYA Training Date & Time: Location: Field Coordinator: TRIBHUWAN KUMAR
A6: Sr. No. | B6: Name | C6: Mobile Number | D6: Calling Status | E6: Confirmation Status | F6: Remarks
B7: Vishal Kumar Bittu | C7: 7250663100
B8: Mohammad Sanaula | C8: 9771560886
B9: Abdul Sebad Ansari | C9: 8521056237
B10: Subek Kumar | C10: 7654756420
B11: Rupesh Kumar | C11: 9708666676
B12: Munna Yadav | C12: 6202641250
B13: Pappu Yadav | C13: 9708577062
B14: Arshad | C14: 8209823203
B15: Md Kalim | C15: 9507341485
B16: Munna Yadav | C16: 9113360727
B17: Rameswar Yadav | C17: 9507091169
B18: Dharmendra Kumar Singh | C18: 9801159370
B19: Zalim Akhtar | C19: 9525297300
B20: Asfak | C20: 6200434413-
B21: Aditya Kumar | C21: 6205397411
B22: Trisha Yadav | C22: 8210032428
B23: Devbrat Kumar | C23: 9128145915
B24: Arvind Jaiswal | C24: 7519342464
B25: Dharmendra Yadav | C25: 9708665685
B26: Abhishek Yadav | C26: 9798072478
B28: Ravi Kumar | C28: 9576520293
B29: Pramod Yadav | C29: 9525209030
B30: Mohammad Amantula | C30: 9110989115
B31: Sajid Iqbal | C31: 8310770141
B32: Nilesh Yadav | C32: 8235783797
B33: Firoz Alam | C33: 9560602801
B34: Vinod Yadav | C34: 6201273446
A36: ASSEMBLY COORDINATOR (LEADER NAME) | B36: NAME | C36: NUMBER | D36: AGE | E36: GENDER | F36: PROFESSION | G36: RELIGION | H36: CATEGORY | I36: CASTE | J36: DISTRICT | K36: ASSEMBLY | L36: BLOCK | M36: PANCHAYAT | N36: Calling Status | O36: 1. क्या आप राजनीतिक या सामाजिक कार्य में रूचि रखते हैं? (हां/नहीं) | P36: 2. क्या आप वर्तमान में किसी सामाजिक या राजनैतिक संगठन से जुड़े हैं? (हाँ / नहीं) | Q36: संगठन का नाम (यदि हाँ): | R36: भूमिका (1-2 शब्द): | S36: 3. आपने अब तक अपने क्षेत्र में कोई सामाजिक या जन सरोकार का कार्य किया है? (हाँ / नहीं) | T36: यदि हाँ, तो एक उदाहरण दें: | U36: 4. क्या आपने कभी किसी जनप्रतिनिधि से जनता के मुद्दों को लेकर बात की है? (हाँ / नहीं) | V36: यदि हाँ, तो मुद्दा: | W36: 5. सामाजिक न्याय और समानता आपके लिए कितनी महत्वपूर्ण है? (बहुत / कुछ हद तक / नहीं) | X36: 6. क्या आप मानते हैं कि भारतीय संविधान की बातें – न्याय, स्वतंत्रता, समानता, बंधुत्व – ज़मीनी स्तर तक पहुंचें? (हाँ / नहीं) | Y36: 7. क्या आप कांग्रेस पार्टी द्वारा चलाए जा रहे संविधान लीडरशिप प्रोग्राम के बारे में जानते हैं? (हां/नहीं) (यदि नहीं तो संविधान लीडरशिप प्रोग्राम के बारे में जानकारी- ) | Z36: 8. क्या आप इस प्रोग्राम में नेतृत्व की भूमिका निभाने को तैयार हैं? (हाँ / नहीं / विचार कर रहा/रही हूं) | AA36: Verification Status | AB36: Remarks
A37: TRIBHUVAN KUMAR | B37: Vishal Kumar Bittu | C37: 7250663100 | D37: 28 | E37: Male | F37: job | I37: paswan | J37: east chamapran | K37: chiraya | L37: chiraya | M37: rampur south | N37: Connected | O37: Yes | P37: Yes | Q37: rjd | S37: Yes | T37: scoail work | U37: NO | W37: Kuch Had Tak | X37: Yes | Y37: Yes | Z37: Yes | AA37: Verified
B38: Mohammad Sanaula | C38: 9771560886 | D38: 66 | E38: Male | F38: mukhiya | I38: ansari | J38: east chamapran | K38: chiraya | L38: chiraya | M38: rampur south | N38: Connected | O38: Yes | P38: Yes | Q38: rjd | S38: Yes | T38: social work | U38: NO | W38: Kuch Had Tak | X38: Yes | Y38: Yes | Z38: Yes | AA38: Verified
B39: Abdul Sebad Ansari | C39: 8521056237 | D39: 50 | E39: Male | F39: business | G39: Muslim | I39: Muslim | J39: champaran | K39: CHIRAYA | L39: chiraya | M39: rampur south | N39: Connected | O39: Yes | P39: Yes | S39: NO | U39: NO | W39: Kuch Had Tak | X39: Yes | Y39: Yes | Z39: Yes | AA39: Verified
B40: Subek Kumar | C40: 7654756420 | D40: 27 | E40: Male | F40: job | G40: hindu | I40: yadav | J40: champaran | K40: CHIRAYA | L40: chiraya | M40: rampur south | N40: Connected | O40: NO | P40: NO | S40: NO | U40: NO | W40: Kuch Had Tak | X40: Yes | Y40: Yes | Z40: Yes | AA40: Verified
B41: Rupesh Kumar | C41: 9708666676 | D41: 28 | E41: Male | F41: politics | I41: yadav | K41: CHIRAYA | L41: chiraya | M41: kodha | N41: Connected | O41: Yes | P41: NO | S41: Yes | T41: social work | U41: NO | W41: Bahut | X41: Yes | Y41: Yes | Z41: Yes | AA41: Verified
B42: Ravi Kumar | C42: 9576520293 | K42: CHIRAYA | N42: Busy
B43: Pramod Yadav | C43: 9525209030 | K43: CHIRAYA | N43: Switch off
B44: Munna Yadav | C44: 6202641250 | D44: 30 | E44: Male | F44: business | I44: yadav | K44: CHIRAYA | L44: chiraya | M44: tipahi | N44: Connected | O44: Yes | P44: NO | S44: NO | U44: NO | W44: Kuch Had Tak | X44: Yes | Y44: Yes | Z44: Yes | AA44: Verified
B45: Pappu Yadav | C45: 9708577062 | D45: 25 | E45: Male | F45: doctor | I45: yadav | K45: CHIRAYA | L45: chiraya | M45: tipahi | N45: Connected | O45: Yes | P45: Yes | Q45: Congress | S45: Yes | T45: social work | U45: Yes | V45: raod problem | W45: Bahut | X45: Yes | Y45: Yes | Z45: Yes | AA45: Verified
B46: Mohammad Amantula | C46: 9110989115 | K46: CHIRAYA | N46: Not Received
B47: Sajid Iqbal | C47: 8310770141 | K47: CHIRAYA | N47: Connected | AA47: Not Verified | AB47: wrong no
B48: Arshad | C48: 8209823203 | D48: 33 | E48: Male | G48: Muslim | I48: Muslim | J48: champaran | K48: CHIRAYA | L48: chiraya | M48: madhopur | N48: Connected | O48: NO | P48: NO | S48: NO | U48: NO | W48: Kuch Had Tak | X48: Yes | Y48: Yes | Z48: Yes | AA48: Verified
B49: Md Kalim | C49: 9507341485 | D49: 50 | E49: Male | F49: farmer | I49: muslim | K49: CHIRAYA | L49: chiraya | M49: madhopur | N49: Connected | O49: Yes | P49: Yes | Q49: Congress | S49: NO | U49: NO | W49: Kuch Had Tak | X49: Yes | Y49: Yes | Z49: Yes | AA49: Verified
B50: Munna Yadav | C50: 9113360727 | D50: 32 | E50: Male | F50: farmer | I50: yadav | K50: CHIRAYA | L50: chiraya | M50: rampur utari | N50: Connected | O50: Yes | P50: Yes | Q50: Congress | S50: Yes | T50: social work | U50: NO | W50: Bahut | X50: Yes | Y50: Yes | Z50: Yes | AA50: Verified
B51: Rameswar Yadav | C51: 9507091169 | D51: 48 | F51: farmer | I51: yadav | K51: CHIRAYA | L51: chiraya | M51: rampur utari | N51: Connected | O51: Yes | P51: Yes | Q51: congrese | S51: Yes | T51: social work | U51: Yes | V51: road problem | W51: Kuch Had Tak | X51: Yes | Y51: Yes | Z51: Yes | AA51: Verified
B52: Nilesh Yadav | C52: 8235783797 | K52: CHIRAYA | N52: Switch off
B53: Dharmendra Kumar Singh | C53: 9801159370 | D53: 36 | E53: Male | F53: sarpanch | I53: rajput | K53: CHIRAYA | L53: chirya | M53: kodha | N53: Connected | O53: Yes | P53: NO | S53: Yes | T53: social work | U53: NO | W53: Bahut | X53: Yes | Y53: Yes | Z53: Yes | AA53: Verified
B54: Firoz Alam | C54: 9560602801 | K54: CHIRAYA | N54: Not Received
B55: Vinod Yadav | C55: 6201273446 | K55: CHIRAYA | N55: Not Received | AB55: call cute
B56: Zalim Akhtar | C56: 9525297300 | D56: 68 | E56: Male | F56: farmer | I56: darji | K56: CHIRAYA | L56: chiraya | M56: kashari madh | N56: Connected | O56: Yes | P56: Yes | Q56: congress | S56: Yes | T56: socail work | U56: Yes | V56: old age pesnaion | W56: Bahut | X56: Yes | Y56: Yes | Z56: Yes | AA56: Verified
B57: Asfak | C57: 6200434413- | D57: 50 | E57: Male | F57: farmer | G57: Muslim | I57: Muslim | J57: champaran | K57: CHIRAYA | L57: chiraya | M57: mahuwa | N57: Connected | O57: NO | P57: NO | S57: NO | U57: NO | W57: Kuch Had Tak | X57: Yes | Y57: Yes | Z57: Yes | AA57: Verified
B58: Aditya Kumar | C58: 6205397411 | D58: 18 | E58: Male | F58: student | I58: yadav | K58: CHIRAYA | M58: barajara | N58: Connected | O58: Yes | P58: NO | S58: NO | U58: NO | W58: Kuch Had Tak | X58: Yes | Y58: Yes | Z58: Yes | AA58: Verified
B59: Trisha Yadav | C59: 8210032428 | D59: 28 | E59: Male | F59: business | I59: yadav | K59: CHIRAYA | L59: chiraya | M59: barajara | N59: Connected | O59: Yes | P59: NO | S59: Yes | T59: social work | U59: NO | W59: Bahut | X59: Yes | Y59: Yes | Z59: Yes | AA59: Verified
B60: Devbrat Kumar | C60: 9128145915 | D60: 28 | E60: Male | F60: business | G60: Hindu | I60: yadav | J60: champaran | K60: CHIRAYA | L60: chiraya | M60: artari utari | N60: Connected | O60: Yes | P60: NO | S60: NO | U60: NO | W60: Bahut | X60: Yes | Y60: Yes | Z60: Yes | AA60: Verified
B61: Arvind Jaiswal | C61: 7519342464 | D61: 24 | E61: Male | F61: job | G61: hindu | I61: jaiswal | J61: champaran | K61: CHIRAYA | L61: chiraya | M61: artari | N61: Connected | O61: NO | P61: NO | S61: NO | U61: NO | W61: Bahut | X61: Yes | Y61: Yes | Z61: Yes | AA61: Verified
B62: Dharmendra Yadav | C62: 9708665685 | D62: 27 | E62: Male | F62: job | I62: yadav | K62: CHIRAYA | L62: chiraya | M62: pipayeh dharwa | N62: Connected | O62: Yes | P62: NO | S62: NO | U62: Yes | V62: road problem | W62: Kuch Had Tak | X62: Yes | Y62: Yes | Z62: Yes | AA62: Verified
B63: Abhishek Yadav | C63: 9798072478 | D63: 26 | E63: Male | F63: business | I63: yadav | K63: CHIRAYA | L63: chiraya | M63: rampur dakshni | N63: Connected | O63: Yes | P63: NO | S63: NO | U63: Yes | V63: water problem | W63: Bahut | X63: Yes | Y63: Yes | Z63: Yes | AA63: Verified
B65: AC | C65: Name of Coordinator | D65: Total Data | E65: Call Connected | F65: Verified | G65: Not verified | H65: Not Received | I65: Busy | J65: Switch Off | K65: Wrong | L65: Call Back Later | M65: Remarks
B66: CHIRAYA | C66: Tribhuvan Kumar | D66: =COUNTIFS('SLP Field Data'!K:K,B66,'SLP Field Data'!K:K,"<>") -> 27 | E66: =COUNTIFS('SLP Field Data'!K:K,B66,'SLP Field Data'!N:N,"Connected") -> 21 | F66: =COUNTIFS('SLP Field Data'!K:K,B66,'SLP Field Data'!AA:AA,"Verified") -> 20 | G66: =COUNTIFS('SLP Field Data'!K:K,B66,'SLP Field Data'!AA:AA,"Not Verified") -> 1 | H66: =COUNTIFS('SLP Field Data'!K:K,B66,'SLP Field Data'!N:N,"Not Received") -> 3 | I66: =COUNTIFS('SLP Field Data'!K:K,B66,'SLP Field Data'!N:N,"Busy") -> 1 | J66: =COUNTIFS('SLP Field Data'!K:K,B66,'SLP Field Data'!N:N,"Switch off") -> 2 | K66: =COUNTIFS('SLP Field Data'!K:K,B66,'SLP Field Data'!N:N,"Wrong No.") -> 0 | L66: =COUNTIFS('SLP Field Data'!K:K,B66,'SLP Field Data'!N:N,"Call Back Later") -> 0

Sheet KAHALGAON AC
A1: SLP List Assembly: Kahalgaon Training Date & Time: 24th july 12:00am Location: Residence of Anukant Singh, Ekchari, Behind Platform No. 2 Ekchari Field Coordinator: Pranav
A6: Sr. No. | B6: Name | C6: Mobile Number | D6: Calling Status 23th July | E6: Confirmation Status | F6: Remarks
A7: 1 | B7: Snehlata Devi | C7: 7250067597 | D7: Connected | E7: CONFIRMED
A8: 2 | B8: Tarkeshwar Prasad | C8: 7782031609 | D8: Connected | E8: CONFIRMED
A9: 3 | B9: Mamta Kumari | C9: 7631687849 | D9: Connected | E9: CONFIRMED
A10: 4 | B10: Shekhar Suman | C10: 9122036200 | D10: Connected | E10: CONFIRMED
A11: 5 | B11: Pappu | C11: 8877843337 | D11: Connected | E11: CONFIRMED
A12: 6 | B12: Azad Rajak | C12: 9523837176 | D12: Connected | E12: CONFIRMED
A13: 7 | B13: Rajiv Ranjan | C13: 9162375949 | D13: Busy
A14: 8 | B14: Satyam Kumar | C14: 7258810506 | D14: Connected | E14: CONFIRMED
A15: 9 | B15: Sublesh Yadav | C15: 8969428464 | D15: Connected | E15: CONFIRMED
A16: 10 | B16: Nityanand | C16: 9973080570 | D16: Connected | E16: CONFIRMED
A17: 11 | B17: Mukesh Paswan | C17: 7870161800 | D17: Connected | E17: CONFIRMED
A18: 12 | B18: Raju Ranjana | C18: 6201361489 | D18: Connected | E18: CONFIRMED
A19: 13 | B19: Banti Kumar | C19: 9162880879 | D19: Connected | E19: CONFIRMED
A20: 14 | B20: Sangita Kumari | C20: 9693680804 | D20: Busy
A21: 15 | B21: Jaya Priti | C21: 7542002246 | D21: Busy
A22: 16 | B22: Shaligram | C22: 9771139826 | D22: Busy
A23: 17 | B23: Badal Kumar | C23: 8340645622 | D23: Connected | E23: CONFIRMED
A24: 18 | B24: Shubham Kumar | C24: 9123447073 | D24: Connected | E24: CONFIRMED
A25: 19 | B25: Chhotu Kumar | C25: 7488901148 | D25: Connected | E25: CONFIRMED
A26: 20 | B26: Sulekha Bharti | C26: 9934813501 | D26: Not Received
A27: 21 | B27: Vishnu Kumar | C27: 7667144607 | D27: Not Received
A28: 22 | B28: Bhopal Yadav | C28: 7739679907 | D28: Not Received
A29: 23 | B29: Saurabh Kumar | C29: 9304298942 | D29: Connected | E29: NOT CONFIRMED | F29: Patna aa chuka hai to nhi aaega
A30: 24 | B30: Bhavesh Kumar | C30: 9905470638 | D30: Connected | E30: CONFIRMED
A31: 25 | B31: Vikash Kumar | C31: 7762822074 | D31: Busy
A32: 26 | B32: Deepak Kumar | C32: 6204145586 | D32: Connected | E32: NOT CONFIRMED
A33: 27 | B33: Pritam Kumar | C33: 8294364226 | D33: Connected | E33: CONFIRMED
A34: 28 | B34: Anuj Kumar | C34: 7050666705 | D34: Connected | E34: CONFIRMED
A35: 29 | B35: Rajesh Ranjan | C35: 6206658148 | D35: Connected | E35: CONFIRMED
A36: 30 | B36: Rajendra Prasad Yadav | C36: 9771145018 | D36: Connected | E36: CONFIRMED
A37: 31 | B37: Gurudev K. Mandal | C37: 9162937438 | D37: Busy
A38: 32 | B38: Pankaj Kumar | C38: 9110956925 | D38: Connected | E38: CONFIRMED
A39: 33 | B39: Md. Rahtaz | C39: 7654886047 | D39: Connected | E39: CONFIRMED
A40: 34 | B40: Shahdev Mandal | C40: 8676019903 | D40: Connected | E40: CONFIRMED
A41: 35 | B41: Sagar Kumar | C41: 9031965995 | D41: Connected | E41: CONFIRMED
A42: 36 | B42: Yudhishthir Kumar | C42: 7520154067 | D42: Connected | E42: CONFIRMED
A43: 37 | B43: Pawan Kishku | C43: 9065032392 | D43: Connected | E43: CONFIRMED
B45: Shivbalak | C45: 8809301200
B46: Vijay Kumar | C46: 7766834560
B47: Avinash Kumar | C47: 8521710511
B48: Amnish Kumar | C48: 9155238041
B49: Kartik Kumar | C49: 9135784710
B50: Pawan Kumar | C50: 8298545911
B51: Sanjay Kishku | C51: 9065032392
B52: Adarsh Ankur | C52: 9298014227
B53: Adarsh Raunak | C53: 7372872439
B54: Dulari Devi | C54: 6200375751
B55: Kanhaiya Kumar | C55: 8521201092
B56: Rishi Kumar | C56: 8084565771
... B65: Susil Kumar | C65: 9608143848
A68: ASSEMBLY COORDINATOR (LEADER NAME) | B68: NAME | C68: NUMBER | D68: AGE | E68: GENDER | F68: PROFESSION | H68: RELIGION | I68: CATEGORY | J68: CASTE | K68: DISTRICT | L68: ASSEMBLY | M68: BLOCK | N68: PANCHAYAT | O68: Calling Status | P68: 1. क्या आप राजनीतिक या सामाजिक कार्य में रूचि रखते हैं? (हां/नहीं) | Q68: 2. क्या आप वर्तमान में किसी सामाजिक या राजनैतिक संगठन से जुड़े हैं? (हाँ / नहीं) | R68: संगठन का नाम (यदि हाँ): | S68: भूमिका (1-2 शब्द): | T68: 3. आपने अब तक अपने क्षेत्र में कोई सामाजिक या जन सरोकार का कार्य किया है? (हाँ / नहीं) | U68: यदि हाँ, तो एक उदाहरण दें: | V68: 4. क्या आपने कभी किसी जनप्रतिनिधि से जनता के मुद्दों को लेकर बात की है? (हाँ / नहीं) | W68: यदि हाँ, तो मुद्दा: | X68: 5. सामाजिक न्याय और समानता आपके लिए कितनी महत्वपूर्ण है? (बहुत / कुछ हद तक / नहीं) | Y68: 6. क्या आप मानते हैं कि भारतीय संविधान की बातें – न्याय, स्वतंत्रता, समानता, बंधुत्व – ज़मीनी स्तर तक पहुंचें? (हाँ / नहीं) | Z68: 7. क्या आप कांग्रेस पार्टी द्वारा चलाए जा रहे संविधान लीडरशिप प्रोग्राम के बारे में जानते हैं? (हां/नहीं) (यदि नहीं तो संविधान लीडरशिप प्रोग्राम के बारे में जानकारी- ) | AA68: 8. क्या आप इस प्रोग्राम में नेतृत्व की भूमिका निभाने को तैयार हैं? (हाँ / नहीं / विचार कर रहा/रही हूं) | AB68: Verification Status | AC68: Remarks
A69: KAHALGAON VIDHANSABHA 155 (Pranav) | B69: Snehlata Devi | C69: 7250067597 | D69: 35 | E69: Female | F69: housewife | H69: Hindu | I69: obc | J69: Gangotri | K69: Bhagalpur | L69: Kahalgaon | M69: kahalgaon | N69: ekchari | O69: Connected | P69: Yes | Q69: Yes | T69: Yes | V69: Yes | X69: bhut zaroori hai | Y69: Yes | Z69: Yes | AA69: Yes | AB69: Verified
B70: Tarkeshwar Prasad | C70: 7782031609 | D70: 45 | E70: Male | F70: farmer | H70: Hindu | I70: ebc | J70: parshad | K70: Bhagalpur | L70: Kahalgaon | M70: kahalgaon | N70: ekchari | O70: Connected | P70: Yes | Q70: Yes | R70: Congress | T70: Yes | V70: Yes | X70: bhut zaroori hai | Y70: Yes | Z70: Yes | AA70: Yes | AB70: Verified
B71: Mamta Kumari | C71: 7631687849 | D71: 33 | E71: Female | F71: housewife | H71: Hindu | I71: ebc | J71: Gangotri | K71: Bhagalpur | L71: Kahalgaon | M71: kahalgaon | N71: ekchari | O71: Connected | P71: Yes | Q71: Yes | R71: Congress | S71: member | T71: Yes | V71: Yes | X71: bhut zaroori hai | Y71: Yes | Z71: Yes | AA71: Yes | AB71: Verified
B72: Shekhar Suman | C72: 9122036200 | D72: 29 | E72: Male | F72: padhai | H72: Hindu | I72: bc1 | J72: dhanuk | K72: Bhagalpur | L72: Kahalgaon | M72: kahalgaon | N72: ekchari | O72: Connected | P72: Yes | Q72: Yes | R72: Congress | S72: member | T72: Yes | V72: Yes | X72: bhut zaroori hai | Y72: Yes | Z72: Yes | AA72: Yes | AB72: Verified
B73: Pappu | C73: 8877843337 | D73: 29 | E73: Male | F73: padhai | H73: Hindu | I73: ebc | J73: dhanuk | K73: Bhagalpur | L73: Kahalgaon | M73: kahalgaon | N73: ekchari | O73: Connected | P73: Yes | Q73: NO | T73: Yes | V73: Yes | X73: bhut zaroori hai | Y73: Yes | Z73: Yes | AA73: Yes | AB73: Verified
B74: Azad Rajak | C74: 9523837176 | D74: 25 | E74: Male | F74: padhai | H74: Hindu | I74: sc | J74: dhobi | K74: Bhagalpur | L74: Kahalgaon | M74: kahalgaon | N74: ekchari | O74: Connected | P74: Yes | Q74: Yes | R74: Congress | T74: Yes | V74: Yes | X74: bhut zaroori hai | Y74: Yes | Z74: Yes | AA74: Yes | AB74: Verified
B75: Rajiv Ranjan | C75: 9162375949 | D75: 56 | E75: Male | F75: job | H75: Hindu | I75: obc | J75: yadav | K75: Bhagalpur | L75: Kahalgaon | M75: kahalgaon | N75: dhnaura | O75: Connected | P75: Yes | Q75: Yes | R75: Congress | S75: member | T75: Yes | V75: Yes | X75: bhut zaroori hai | Y75: Yes | Z75: Yes | AA75: Yes | AB75: Verified
B76: Satyam Kumar | C76: 7258810506 | D76: 22 | E76: Male | F76: study | H76: Hindu | I76: obc | J76: yadav | K76: Bhagalpur | L76: Kahalgaon | M76: kahalgaon | N76: dhnaura | O76: Connected | P76: Yes | Q76: Yes | R76: Congress | S76: member | T76: Yes | V76: Yes | X76: bhut zaroori hai | Y76: Yes | Z76: Yes | AA76: Yes | AB76: Verified
B77: Sublesh Yadav | C77: 8969428464 | D77: 35 | E77: Male | F77: business | H77: Hindu | I77: obc | J77: yadav | K77: Bhagalpur | L77: Kahalgaon | M77: kahalgaon | N77: dhnaura | O77: Connected | P77: Yes | Q77: Yes | R77: Congress | S77: member | T77: Yes | V77: Yes | X77: bhut zaroori hai | Y77: Yes | Z77: Yes | AA77: Yes | AB77: Verified
B78: Nityanand | C78: 9973080570 | E78: Male | F78: job | H78: Hindu | I78: obc | J78: yadav | K78: Bhagalpur | L78: Kahalgaon | M78: kahalgaon | N78: ekchari | O78: Connected | P78: Yes | Q78: Yes | T78: Yes | V78: Yes | X78: bhut zaroori hai | Y78: Yes | Z78: Yes | AA78: Yes | AB78: Verified
B79: Shivbalak | C79: 8809301200 | L79: Kahalgaon | O79: Busy
B80: Vijay Kumar | C80: 7766834560 | L80: Kahalgaon | O80: Connected | AC80: call receive karke cut Diya
B81: Mukesh Paswan | C81: 7870161800 | D81: 33 | E81: Male | F81: advocate | H81: Hindu | I81: sc | J81: paswan | K81: Bhagalpur | L81: Kahalgaon | M81: kahalgaon | N81: ekchari | O81: Connected | P81: Yes | Q81: Yes | T81: Yes | V81: Yes | X81: bhut zaroori hai | Y81: Yes | Z81: Yes | AA81: Yes | AB81: Verified
B82: Raju Ranjana | C82: 6201361489 | D82: 36 | E82: Female | F82: social worker | H82: Hindu | I82: obc | J82: yadav | K82: Bhagalpur | L82: Kahalgaon | M82: kahalgaon | N82: ekchari | O82: Connected | P82: Yes | Q82: Yes | R82: Congrees | T82: Yes | V82: Yes | X82: bhut zaroori hai | Y82: Yes | Z82: Yes | AA82: Yes | AB82: Verified
B83: Avinash Kumar | C83: 8521710511 | L83: Kahalgaon | O83: Not Received
B84: Amnish Kumar | C84: 9155238041 | L84: Kahalgaon | O84: Busy
B85: Banti Kumar | C85: 9162880879 | D85: 30 | E85: Male | F85: business | H85: Hindu | I85: bc | J85: dhabuk | K85: Bhagalpur | L85: Kahalgaon | M85: kahalgaon | N85: maichamuda | O85: Connected | P85: Yes | Q85: Yes | T85: Yes | V85: Yes | X85: bhut zaroori hai | Y85: Yes | Z85: Yes | AA85: Yes | AB85: Verified
B86: Kartik Kumar | C86: 9135784710 | L86: Kahalgaon | O86: Not Received
B87: Sangita Kumari | C87: 9693680804 | D87: 34 | E87: Female | F87: housewife | H87: Hindu | I87: obc | J87: yadav | K87: Bhagalpur | L87: Kahalgaon | M87: kahalgaon | N87: salimpur | O87: Connected | P87: Yes | Q87: Yes | T87: NO | V87: NO | X87: bhut zaroori hai | Y87: Yes | Z87: Yes | AA87: Yes | AB87: Verified
B88: Jaya Priti | C88: 7542002246 | D88: 32 | E88: Female | F88: housewife | H88: Hindu | I88: sc | J88: paswan | K88: Bhagalpur | L88: Kahalgaon | M88: kahalgaon | N88: ekchari | O88: Connected | P88: Yes | Q88: Yes | R88: Congress | S88: member | T88: Yes | V88: Yes | X88: bhut zaroori hai | Y88: Yes | Z88: Yes | AA88: Yes | AB88: Verified
B89: Shaligram | C89: 9771139826 | K89: Bhagalpur | L89: Kahalgaon | M89: kahalgaon | N89: ekchari | O89: Connected | P89: Yes | T89: Yes | V89: Yes | Y89: Yes | Z89: Yes | AA89: Yes | AB89: Verified
B90: Badal Kumar | C90: 8340645622 | D90: 22 | E90: Male | F90: padhai | H90: Hindu | I90: obc | J90: kurmi | K90: Bhagalpur | L90: Kahalgaon | M90: kahalgaon | N90: ekchari | O90: Connected | P90: Yes | Q90: Yes | T90: Yes | V90: Yes | X90: bhut zaroori hai | Y90: Yes | Z90: Yes | AA90: Yes | AB90: Verified
B91: Shubham Kumar | C91: 9123447073 | D91: 19 | E91: Male | F91: study | H91: Hindu | I91: bc2 | J91: yadav | K91: Bhagalpur | L91: Kahalgaon | M91: kahalgaon | N91: ekchari | O91: Connected | P91: Yes | Q91: Yes | R91: Congress | S91: member | T91: Yes | V91: Yes | X91: bhut zaroori hai | Y91: Yes | Z91: Yes | AA91: Yes | AB91: Verified
B92: Chhotu Kumar | C92: 7488901148 | D92: 19 | E92: Male | F92: Samaj sewak | H92: Hindu | I92: bc2 | J92: yadav | K92: Bhagalpur | L92: Kahalgaon | M92: kahalgaon | N92: ekchari | O92: Connected | P92: Yes | Q92: Yes | R92: Congress | S92: member | T92: Yes | V92: Yes | X92: bhut zaroori hai | Y92: Yes | Z92: Yes | AA92: Yes | AB92: Verified
B93: Pawan Kumar | C93: 8298545911 | L93: Kahalgaon | O93: Switch off
B94: Sulekha Bharti | C94: 9934813501 | D94: 45 | E94: Female | F94: jeevika | H94: Hindu | I94: ebc | J94: Gangotri | K94: Bhagalpur | L94: Kahalgaon | M94: kahalgaon | N94: gonshar | O94: Connected | P94: Yes | Q94: Yes | R94: Congress | S94: member | T94: Yes | V94: Yes | X94: bhut zaroori hai | Y94: Yes | Z94: Yes | AA94: Yes | AB94: Verified
B95: Vishnu Kumar | C95: 7667144607 | D95: 18 | E95: Male | F95: padhai | H95: Hindu | I95: bc2 | J95: sonar | K95: Bhagalpur | L95: Kahalgaon | M95: kahalgaon | N95: shyampur | O95: Connected | P95: Yes | Q95: Yes | T95: Yes | V95: Yes | Y95: Yes | Z95: Yes | AA95: Yes | AB95: Verified
B96: Bhopal Yadav | C96: 7739679907 | D96: 40 | F96: farmar | H96: Hindu | I96: bc | J96: yadav | K96: Bhagalpur | L96: Kahalgaon | M96: kahalgaon | O96: Connected | P96: Yes | Q96: NO | T96: Yes | V96: NO | X96: bhut zaroori hai | Y96: Yes | Z96: Yes | AA96: Yes | AB96: Verified
B97: Saurabh Kumar | C97: 9304298942 | D97: 23 | E97: Male | F97: part time job | H97: Hindu | I97: bc | J97: yadav | K97: Bhagalpur | L97: Kahalgaon | M97: kahalgaon | N97: bolshar | O97: Connected | P97: Yes | Q97: Yes | T97: Yes | V97: Yes | X97: bhut zaroori hai | Y97: Yes | Z97: Yes | AA97: Yes | AB97: Verified
B98: Bhavesh Kumar | C98: 9905470638 | D98: 29 | E98: Male | F98: study | H98: Hindu | I98: obc | J98: kori | K98: Bhagalpur | L98: Kahalgaon | M98: sonula | N98: sanokha | O98: Connected | P98: Yes | Q98: Yes | T98: Yes | V98: Yes | X98: bhut zaroori hai | Y98: Yes | Z98: Yes | AA98: Yes | AB98: Verified
B99: Vikash Kumar | C99: 7762822074 | D99: 28 | E99: Male | F99: study | H99: Hindu | I99: bc1 | J99: yadav | K99: Bhagalpur | L99: Kahalgaon | M99: ekchari | N99: sholhan | O99: Connected | P99: Yes | Q99: NO | T99: Yes | V99: Yes | X99: bhut zaroori hai | Y99: Yes | Z99: Yes | AA99: Yes | AB99: Verified
B100: Deepak Kumar | C100: 6204145586 | D100: 35 | E100: Male | F100: kapra ka dukan me work krta hai | H100: muslim | J100: muslim | K100: igumani | L100: Kahalgaon | N100: paukhpur | O100: Connected | P100: NO | Q100: NO | T100: NO | V100: NO | X100: kuch had tak | Y100: Yes | Z100: NO | AA100: Yes | AB100: Verified | AC100: rahul naam hai
B101: Pritam Kumar | C101: 8294364226 | D101: 22 | E101: Male | F101: student | H101: Hindu | I101: bc2 | J101: yadav | K101: Bhagalpur | L101: Kahalgaon | M101: sonula | N101: snoukha | O101: Connected | P101: Yes | Q101: NO | T101: Yes | U101: samaj seva | V101: Yes | W101: nali banvana or pani ki suvidha | X101: bhut zaroori hai | Y101: Yes | Z101: NO | AA101: Yes | AB101: Verified
B102: Anuj Kumar | C102: 7050666705 | D102: 24 | E102: Male | F102: business | H102: Hindu | I102: ebc | J102: halwai | K102: Bhagalpur | L102: Kahalgaon | M102: sonula | N102: sanokha | O102: Connected | P102: Yes | Q102: Yes | T102: NO | V102: NO | X102: bhut zaroori hai | Y102: Yes | Z102: Yes | AA102: Yes | AB102: Verified
B103: Sanjay Kishku | C103: 9065032392 | L103: Kahalgaon | O103: Switch off
B104: Adarsh Ankur | C104: 9298014227 | L104: Kahalgaon | O104: Switch off | AC104: incoming band
B105: Adarsh Raunak | C105: 7372872439 | L105: Kahalgaon | O105: Busy
B106: Rajesh Ranjan | C106: 6206658148 | D106: 28 | E106: Male | H106: Hindu | I106: sc | J106: chmar | K106: Bhagalpur | L106: Kahalgaon | M106: kahalgaon | N106: ekchari | O106: Connected | P106: Yes | Q106: NO | T106: NO | V106: NO | X106: bhut zaroori hai | Y106: Yes | Z106: Yes | AA106: Yes | AB106: Verified
B107: Rajendra Prasad Yadav | C107: 9771145018 | D107: 60 | E107: Male | F107: farmer | H107: Hindu | I107: bc2 | J107: yadav | K107: Bhagalpur | L107: Kahalgaon | M107: kahalgaon | N107: ekchari | O107: Connected | P107: Yes | Q107: Yes | R107: Congress | S107: member | T107: Yes | V107: Yes | Y107: Yes | Z107: Yes | AA107: Yes | AB107: Verified
B108: Gurudev K. Mandal | C108: 9162937438 | D108: 30 | E108: Male | H108: Hindu | K108: Bhagalpur | L108: Kahalgaon | M108: kahalgaon | N108: ekchari | O108: Connected | P108: Yes | Q108: NO | T108: Yes | U108: samaj seva | V108: Yes | W108: sikchha ke mudhe pr | X108: bhut zaroori hai | Y108: Yes | Z108: Yes | AA108: Yes | AB108: Verified
B109: Pankaj Kumar | C109: 9110956925 | D109: 46 | E109: Male | F109: farmer | H109: Hindu | I109: obc | J109: gangotri | K109: Bhagalpur | L109: Kahalgaon | M109: kahalgaon | N109: ghoghabajar | O109: Connected | P109: Yes | Q109: Yes | R109: congress | T109: Yes | U109: social work | V109: NO | X109: bhut zaroori hai | Y109: Yes | Z109: Yes | AA109: Yes | AB109: Verified
B110: Dulari Devi | C110: 6200375751 | L110: Kahalgaon | O110: Call Back Later
B111: Md. Rahtaz | C111: 7654886047 | D111: 27 | E111: Male | H111: muslim | I111: ebc | J111: momin (muslim ) | K111: Bhagalpur | L111: Kahalgaon | M111: kahalgaon | N111: ekchari | O111: Connected | P111: Yes | Q111: Yes | R111: congress | S111: vard member | T111: Yes | U111: virdhapincil ka Karya | V111: Yes | W111: indra aavas ke liye | X111: bhut zaroori hai | Y111: Yes | Z111: Yes | AA111: Yes | AB111: Verified
B112: Kanhaiya Kumar | C112: 8521201092 | L112: Kahalgaon | O112: Connected | AC112: not interested
B113: Rishi Kumar | C113: 8084565771 | L113: Kahalgaon | O113: Switch off
B114: Jairam Shah | C114: 9555937428 | L114: Kahalgaon | O114: Switch off
B115: Lalan Kumar | C115: 9135066161 | L115: Kahalgaon | O115: Busy
...

Sheet PARO AC
A1: SLP List Assembly: PARO Training Date & Time: 24th JULY 5:00pm Location: Paru Dekhsani Neyaz Mukhiya ke ghar pe Field Coordinator: MD.SARFARAZ
A6: Sr. No. | B6: Name | C6: Mobile Number | D6: Calling Status 23th July | E6: Confirmation Status | F6: Remarks | G6: Calling Status 24th July | H6: Confirmation Status | I6: Remarks
A7: 1 | B7: Nijamuddin Alam | C7: 8651505002 | D7: Connected | E7: CONFIRMED | G7: Connected | H7: CONFIRMED
A8: 2 | B8: Basiruddin Alam | C8: 7369075500 | D8: Connected | E8: CONFIRMED | G8: Connected | H8: CONFIRMED
A9: 3 | B9: Raza Ansari | C9: 9117343385 | D9: Connected | E9: CONFIRMED | G9: Connected | H9: CONFIRMED
A10: 4 | B10: Md Irshad | C10: 9162641006 | D10: Connected | E10: CONFIRMED | G10: Connected | H10: CONFIRMED
A11: 5 | B11: Ajay Kumar | C11: 6202721054 | D11: Connected | E11: CONFIRMED | G11: Connected | H11: CONFIRMED
A12: 6 | B12: Md Mumtaj | C12: 9931083299 | D12: Connected | E12: CONFIRMED | G12: Not Received
A13: 7 | B13: Noor Alam | C13: 7002464047 | D13: Connected | E13: CONFIRMED | G13: Connected | H13: CONFIRMED
A14: 8 | B14: Md Faizuddin | C14: 9955438136 | D14: Connected | E14: CONFIRMED | F14: kl nahi aenge sasur ka tabiyat kharab hai | G14: Connected | H14: NOT CONFIRMED
A15: 9 | B15: Jahid Alam | C15: 6204151263 | D15: Connected | E15: CONFIRMED | G15: Not Received
A16: 10 | B16: Md Ansar | C16: 9064978953 | D16: Connected | E16: CONFIRMED | G16: Connected | H16: CONFIRMED
A17: 11 | B17: Niranjan Yadav | C17: 9576776815 | D17: Connected | E17: CONFIRMED | G17: Connected | H17: CONFIRMED
A18: 12 | B18: Inderjeet Kumar | C18: 8084104962 | D18: Connected | E18: CONFIRMED | G18: Not Received
A19: 13 | B19: Vinay Yadav | C19: 9576772011 | D19: Connected | E19: CONFIRMED | G19: Connected | H19: CONFIRMED
A20: 14 | B20: Mandipa Yadav | C20: 9905877730 | D20: Not Received | E20: NOT CONFIRMED | G20: Connected | H20: CONFIRMED
A21: 15 | B21: Md Majuddin | C21: 9304610587 | D21: Connected | E21: CONFIRMED | G21: Connected | H21: CONFIRMED
A22: 16 | B22: Saroj Kumar Kushwaha | C22: 8292597165 | D22: Connected | E22: CONFIRMED | G22: Connected | H22: CONFIRMED
A23: 17 | B23: Dhiraj Kumar | C23: 9102837613 | D23: Switch off | E23: NOT CONFIRMED | F23: incoming off | G23: Switch off | I23: incoming band
A24: 18 | B24: Ajay Thakur | C24: 8119819835 | D24: Connected | E24: CONFIRMED | G24: Connected | H24: CONFIRMED
A25: 19 | B25: Pramod Kumar | C25: 8541852045 | D25: Connected | E25: CONFIRMED | G25: Connected | H25: CONFIRMED
A26: 20 | B26: Ranjeet Kumar | C26: 7461046530 | D26: Connected | E26: CONFIRMED | G26: Connected | H26: CONFIRMED
A27: 21 | B27: Vicky Kumar | C27: 8002589899 | D27: Connected | E27: CONFIRMED | G27: Connected | H27: CONFIRMED
A28: 22 | B28: Nirbhay Kumar | C28: 7255065738 | D28: Connected | E28: CONFIRMED | G28: Connected | H28: CONFIRMED
A31: ASSEMBLY COORDINATOR (LEADER NAME) | B31: NAME | C31: NUMBER | D31: AGE | E31: GENDER | F31: PROFESSION | G31: RELIGION | H31: CATEGORY | I31: CASTE | J31: DISTRICT | K31: ASSEMBLY | L31: BLOCK | M31: PANCHAYAT | N31: Calling Status | O31: 1. क्या आप राजनीतिक या सामाजिक कार्य में रूचि रखते हैं? (हां/नहीं) | P31: 2. क्या आप वर्तमान में किसी सामाजिक या राजनैतिक संगठन से जुड़े हैं? (हाँ / नहीं) | Q31: संगठन का नाम (यदि हाँ): | R31: भूमिका (1-2 शब्द): | S31: 3. आपने अब तक अपने क्षेत्र में कोई सामाजिक या जन सरोकार का कार्य किया है? (हाँ / नहीं) | T31: यदि हाँ, तो एक उदाहरण दें: | U31: 4. क्या आपने कभी किसी जनप्रतिनिधि से जनता के मुद्दों को लेकर बात की है? (हाँ / नहीं) | V31: यदि हाँ, तो मुद्दा: | W31: 5. सामाजिक न्याय और समानता आपके लिए कितनी महत्वपूर्ण है? (बहुत / कुछ हद तक / नहीं) | X31: 6. क्या आप मानते हैं कि भारतीय संविधान की बातें – न्याय, स्वतंत्रता, समानता, बंधुत्व – ज़मीनी स्तर तक पहुंचें? (हाँ / नहीं) | Y31: 7. क्या आप कांग्रेस पार्टी द्वारा चलाए जा रहे संविधान लीडरशिप प्रोग्राम के बारे में जानते हैं? (हां/नहीं) (यदि नहीं तो संविधान लीडरशिप प्रोग्राम के बारे में जानकारी- ) | Z31: 8. क्या आप इस प्रोग्राम में नेतृत्व की भूमिका निभाने को तैयार हैं? (हाँ / नहीं / विचार कर रहा/रही हूं) | AA31: Verification Status | AB31: Remarks
A32: MD.SARFARAZ | B32: Nijamuddin Alam | C32: 8651505002 | D32: 38 | E32: Male | F32: business | G32: Muslim | H32: obc | I32: Siddique | J32: Muzaffarpur | K32: PARO | L32: paro | M32: paro dachani | N32: Connected | O32: Yes | P32: Yes | Q32: Congress | R32: member | S32: Yes | U32: Yes | V32: padhaai aur berojgari | W32: bhut zaroori hai | X32: Yes | Y32: Yes | Z32: Yes | AA32: Verified
B33: Basiruddin Alam | C33: 7369075500 | D33: 38 | E33: Male | F33: business | G33: Muslim | H33: obc | I33: Siddique | J33: Muzaffarpur | K33: PARO | L33: paro | N33: Connected | O33: Yes | P33: Yes | Q33: Congress | R33: member | S33: Yes | U33: Yes | W33: bhut zaroori hai | X33: Yes | Y33: Yes | Z33: Yes | AA33: Verified
B34: Raza Ansari | C34: 9117343385 | D34: 35 | E34: Male | F34: business | G34: Muslim | H34: ebc | I34: anshari | J34: Muzaffarpur | K34: PARO | L34: paro | M34: fatehabad | N34: Connected | O34: Yes | P34: Yes | Q34: Congress | R34: Yuva adhyaksh | S34: Yes | U34: Yes | W34: bhut zaroori hai | X34: Yes | Y34: Yes | Z34: Yes | AA34: Verified
B35: Md Irshad | C35: 9162641006 | D35: 33 | E35: Male | F35: gramin doctor | G35: Muslim | H35: general | I35: shekh | J35: Muzaffarpur | K35: PARO | L35: paro | M35: khuthai | N35: Connected | O35: Yes | P35: Yes | Q35: Congress | R35: member | S35: Yes | U35: Yes | W35: bhut zaroori hai | X35: Yes | Y35: Yes | Z35: Yes | AA35: Verified
B36: Ajay Kumar Kushwaha | C36: 6202721054 | D36: 25 | E36: Male | F36: poltics | G36: Hindu | H36: sc | I36: paswan | J36: Muzaffarpur | K36: PARO | L36: paro | M36: chaintawanpur | N36: Connected | O36: Yes | P36: Yes | Q36: Congress | R36: member | S36: Yes | U36: Yes | W36: bhut zaroori hai | X36: Yes | Y36: Yes | Z36: Yes | AA36: Verified
B37: Md Mumtaj | C37: 9931083299 | D37: 29 | E37: Male | F37: business | G37: Muslim | H37: general | I37: shek | J37: Muzaffarpur | K37: PARO | L37: paro | M37: paro dachani | N37: Connected | O37: Yes | P37: Yes | Q37: Congrees | R37: member | S37: Yes | U37: Yes | W37: bhut zaroori hai | X37: Yes | Y37: Yes | Z37: Yes | AA37: Verified
B38: Noor Alam | C38: 7002464047 | D38: 45 | E38: Male | F38: business | G38: Muslim | H38: ebc | I38: sha | J38: Muzaffarpur | K38: PARO | L38: paro | M38: karoli | N38: Connected | O38: Yes | P38: Yes | Q38: Congrees | R38: member | S38: Yes | T38: helping people | U38: Yes | W38: bhut zaroori hai | X38: Yes | Y38: Yes | Z38: Yes | AA38: Verified
B39: Md Faizuddin | C39: 9955438136 | D39: 35 | E39: Male | F39: business | G39: Muslim | H39: ebc | I39: anshari | J39: Muzaffarpur | K39: PARO | L39: paro | M39: bhagwan pur | N39: Connected | O39: Yes | P39: NO | S39: Yes | U39: Yes | W39: bhut zaroori hai | X39: Yes | Y39: Yes | Z39: Yes | AA39: Verified
B40: Jahid Alam | C40: 6204151263 | D40: 47 | E40: Male | F40: worker | G40: Muslim | H40: general | I40: shekh | J40: Muzaffarpur | K40: PARO | L40: paro | M40: jaimail dumari | N40: Connected | O40: Yes | P40: NO | S40: Yes | U40: Yes | W40: bhut zaroori hai | X40: Yes | Y40: Yes | Z40: Yes | AA40: Verified
B41: Md Ansar | C41: 9064978953 | D41: 28 | E41: Male | F41: business | G41: Muslim | H41: ebc | I41: Muslim | J41: Muzaffarpur | K41: PARO | L41: paro | M41: jigyashpur | N41: Connected | O41: Yes | P41: Yes | S41: Yes | U41: Yes | W41: bhut zaroori hai | X41: Yes | Y41: Yes | Z41: Yes | AA41: Verified
B42: Niranjan Yadav | C42: 9576776815 | D42: 34 | E42: Male | F42: job | G42: Hindu | H42: obc | I42: yadav | J42: Muzaffarpur | K42: PARO | L42: paro | M42: Rampur keso | N42: Connected | O42: Yes | P42: Yes | Q42: Congress | R42: member | S42: Yes | U42: Yes | W42: bahut zaruri hai | X42: Yes | Y42: Yes | Z42: Yes | AA42: Verified
B43: Inderjeet Kumar | C43: 8084104962 | D43: 26 | E43: Male | F43: job | G43: Hindu | H43: obc | I43: dhobi | J43: Muzaffarpur | K43: PARO | L43: paro | M43: koriya nijamat | N43: Connected | O43: Yes | P43: Yes | Q43: Congrees | R43: vidhansabha adhyaksh | S43: Yes | U43: Yes | W43: bhut zaroori hai | X43: Yes | Y43: Yes | Z43: Yes | AA43: Verified
B44: Vinay Yadav | C44: 9576772011 | D44: 40 | E44: Male | F44: poltics | G44: Hindu | H44: obc | I44: yadav | J44: Muzaffarpur | K44: PARO | L44: paro | M44: jingash | N44: Connected | O44: Yes | P44: Yes | S44: Yes | U44: Yes | W44: bhut zaroori hai | X44: Yes | Y44: Yes | Z44: Yes | AA44: Verified
B45: Mandipa Yadav | C45: 9905877730 | D45: 30 | E45: Male | F45: poltics | G45: Hindu | H45: obc | I45: yadav | J45: Muzaffarpur | K45: PARO | L45: paro | M45: usti | N45: Connected | O45: Yes | P45: Yes | Q45: Congress | R45: member | S45: Yes | U45: Yes | W45: bhut zaroori hai | X45: Yes | Y45: Yes | Z45: Yes | AA45: Verified
B46: Md Majuddin | C46: 9304610587 | D46: 30 | E46: Male | F46: business | G46: Muslim | H46: ebc | I46: mansuri | J46: Muzaffarpur | K46: PARO | L46: paro | M46: chandkewari | N46: Connected | O46: Yes | P46: Yes | S46: Yes | U46: Yes | W46: bhut zaroori hai | X46: Yes | Y46: Yes | Z46: Yes | AA46: Verified
B47: Saroj Kumar Kushwaha | C47: 8292597165 | D47: 40 | E47: Male | F47: business | G47: Hindu | H47: obc | I47: kushwaha | J47: Muzaffarpur | K47: PARO | L47: paro | M47: Jagdishpur baya | N47: Connected | O47: Yes | P47: Yes | Q47: Congress | R47: member | S47: Yes | U47: Yes | W47: bhut zaroori hai | X47: Yes | Y47: Yes | Z47: Yes | AA47: Verified
B48: Dhiraj Kumar | C48: 9102837613 | J48: Muzaffarpur | K48: PARO | L48: paro | N48: Switch off | AB48: incoming band
B49: Ajay Thakur | C49: 8119819835 | D49: 32 | E49: Male | F49: business | G49: Hindu | H49: obc | I49: thakur | J49: Muzaffarpur | K49: PARO | L49: paro | M49: koriya nijamat | N49: Connected | O49: Yes | P49: Yes | Q49: Congress | R49: ward sadasya | S49: Yes | U49: Yes | W49: bahut zaruri hai | X49: Yes | Y49: Yes | Z49: Yes | AA49: Verified
B50: Pramod Kumar | C50: 8541852045 | D50: 26 | E50: Male | F50: Samaj sewak | G50: Hindu | H50: sc | I50: Ram | J50: Muzaffarpur | K50: PARO | L50: paro | N50: Connected | O50: Yes | P50: NO | S50: Yes | U50: Yes | X50: Yes | Y50: Yes | Z50: Yes | AA50: Verified
B51: Ranjeet Kumar | C51: 7461046530 | D51: 25 | E51: Male | F51: samaj sewak | G51: Hindu | H51: sc | I51: Ram | J51: Muzaffarpur | K51: PARO | L51: paro | M51: koriya nijamat | N51: Connected | O51: Yes | P51: Yes | Q51: Congress | R51: member | S51: Yes | U51: Yes | W51: bhut zaroori hai | X51: Yes | Y51: Yes | Z51: Yes | AA51: Verified
B52: Vicky Kumar | C52: 8002589899 | D52: 24 | E52: Male | F52: padhai | G52: Hindu | H52: bc2 | I52: yadav | J52: Muzaffarpur | K52: PARO | L52: paro | M52: koriya nijamat | N52: Connected | O52: Yes | P52: Yes | Q52: Congress | R52: member | S52: Yes | U52: Yes | W52: bhut zaroori hai | X52: Yes | Y52: Yes | Z52: Yes | AA52: Verified
B53: Nirbhay Kumar | C53: 7255065738 | D53: 25 | E53: Male | F53: job | G53: Hindu | H53: bc2 | I53: yadav | J53: Muzaffarpur | K53: PARO | L53: paro | M53: koriya nijamat | N53: Connected | O53: Yes | P53: Yes | Q53: Congress | R53: member | S53: Yes | U53: NO | W53: bhut zaroori hai | X53: Yes | Y53: Yes | Z53: Yes | AA53: Verified

Sheet JALE AC
A1: SLP List Assembly: JALE Training Date & Time: 22/07/2025,11:30 Location: SADIQUE ARZU CAMPUS,GANDHI CHAUK KE PAAS SHAIKH MOHALLA JALE Field Coordinator: EJAJ AHMED
A6: Sr. No. | B6: Name | C6: Mobile Number | D6: Calling Status 21th July | E6: Confirmation Status | F6: Remarks | G6: Final confirmation status
A7: 1 | B7: RAJKUMAR PANDIT | C7: 9934570894 | D7: Connected | E7: CONFIRMED | G7: CONFIRMED | H7: Remarks
A8: 2 | B8: SUJIT THAKUR | C8: 9973612451 | D8: Connected | E8: CONFIRMED | H8: kosis kr rhe h aane ka
A9: 3 | B9: NAGESHWAR MUKHIYA | C9: 9135179842 | D9: Connected | E9: CONFIRMED | G9: CONFIRMED
A10: 4 | B10: AQUIL SIDIQUE | C10: 9525434364 | D10: Connected | E10: CONFIRMED | G10: NOT CONFIRMED
A11: 5 | B11: MD KHALIL AHMED | C11: 8961723315 | D11: Connected | E11: NOT CONFIRMED | F11: out of Bihar gye h | G11: NOT CONFIRMED
A12: 6 | B12: LALIT YADAV | C12: 9661908833 | D12: Not Received | G12: NOT CONFIRMED
A13: 7 | B13: MOHAMMAD KHURSHID | C13: 8969921695 | D13: Connected | E13: CONFIRMED | G13: NOT CONFIRMED
A14: 8 | B14: GAUJAN CHOUDHARY | C14: 9110968636 | D14: Connected | E14: NOT CONFIRMED | G14: CONFIRMED
A15: 9 | B15: PUNIYA NAND MISHR | C15: 9525671410 | D15: Connected | E15: CONFIRMED | G15: NOT CONFIRMED
A16: 10 | B16: GAURI SHANKAR JHA | C16: 9771384810 | D16: Connected | E16: CONFIRMED | H16: not received
A17: 11 | B17: MURARI JHA | C17: 8210910120 | D17: Not Received | G17: CONFIRMED
A18: 12 | B18: LOHA SINGH YADAV | C18: 9868590868 | D18: Connected | E18: CONFIRMED | G18: CONFIRMED
A19: 13 | B19: SAIFUR RAHMAN | C19: 6204024242 | D19: Not Received | F19: n | H19: not received
A20: 14 | B20: RAM KRISHNA RAM | C20: 6203494800 | D20: Connected | E20: CONFIRMED | H20: kosis kr rhe h aane ka
A21: 15 | B21: HARIWANSH DAS | C21: 9470437262 | D21: Connected | E21: CONFIRMED
A22: 16 | B22: MOHAMMAD ALAUDDIN | C22: 8540907003 | D22: Connected | E22: CONFIRMED | H22: not received
A23: 17 | B23: ABDUL QUAIYUM | C23: 7764892986 | D23: Not Received | H23: kosis kr rhe h aane ka
A24: 18 | B24: HARDIK KUMAR RAM | C24: 8298707748 | D24: Not Received | H24: not received
A25: 19 | B25: SUBODH SADA MAJHI | C25: 8651610545 | D25: Not Received | H25: not received
A26: 20 | B26: JAI MAJHI | C26: 7764876875 | D26: Connected | E26: CONFIRMED | G26: CONFIRMED
A27: 21 | B27: RAMASISH SADA | C27: 7050395922 | D27: Connected | E27: CONFIRMED | G27: NOT CONFIRMED
A28: 22 | B28: RANJIT KUMAR YADAV | C28: 8863065154 | D28: Connected | E28: CONFIRMED | G28: CONFIRMED
A29: 23 | B29: RAJENDRA PASWAN | C29: 9330539914 | D29: Connected | E29: CONFIRMED | G29: CONFIRMED
A30: 24 | B30: SUNIL RAM | C30: 8825396071 | D30: Connected | E30: CONFIRMED | G30: CONFIRMED
A31: 25 | B31: RAJKISHORE RAM | C31: 6205955063 | D31: Not Received | H31: not received
A32: 26 | B32: MD QAMRE ALAM | C32: 8797454005 | D32: Call Back Later | H32: out of Bihar gye h
A33: 27 | B33: HARIWANSH DAS | C33: 9334395087 | D33: Connected | E33: CONFIRMED | G33: NOT CONFIRMED
A34: 28 | B34: AVDESH KUMAR MANDAL | C34: 9650598661 | D34: Connected | E34: CONFIRMED | G34: CONFIRMED
A35: 29 | B35: DR SHIWALAI YADAV | C35: 8521802196 | D35: Connected | E35: CONFIRMED | G35: CONFIRMED
A36: 30 | B36: CHAND ALAM | C36: 9905689456 | D36: Switch off | F36: not incoming call | H36: not incoming call
A37: 31 | B37: NAHID MUSHTAQUE | C37: 9934915901 | D37: Connected | E37: CONFIRMED | H37: switch off
A38: 32 | B38: RAMESH KUMAR | C38: 9341414434 | D38: Not Received | H38: not received
A39: 33 | B39: BUDHU MAJHI | C39: 9155673614 | D39: Switch off | H39: not incoming call
A40: 34 | B40: RAHMAT ALI | C40: 9015477132 | D40: Connected | E40: CONFIRMED | H40: not received
A41: 35 | B41: JAMAL MIRZA BEG | C41: 9264409831 | D41: Connected | E41: CONFIRMED | G41: NOT CONFIRMED
A42: 36 | B42: SUSHIL RAM | C42: 6201433369 | D42: Connected | E42: CONFIRMED | H42: not received
A43: 37 | B43: BHUSHAN KUMAR SINGH | C43: 8383866929 | D43: Not Received | G43: CONFIRMED
A44: 39 | B44: PRAVEEN KUMAR | C44: 9576711207 | D44: Not Received | G44: CONFIRMED
A45: 40 | B45: NIRANJAN KUMAR | C45: 9122028683 | D45: Connected | E45: CONFIRMED | G45: CONFIRMED
A46: 41 | B46: NALBUNI YADAV | C46: 9931249517 | D46: Connected | E46: CONFIRMED | G46: NOT CONFIRMED
A47: 42 | B47: RAMDAHIN RAI | C47: 7654419406 | D47: Connected | E47: CONFIRMED | H47: not received
A48: 43 | B48: JHAKRA PASWAN | C48: 9661952426 | D48: Not Received | G48: NOT CONFIRMED
A49: 44 | B49: EHSANUL HAQUE | C49: 6207654476 | D49: Connected | E49: CONFIRMED | G49: NOT CONFIRMED
A50: 45 | B50: KANHAIYA PRASAD | C50: 8102088233 | D50: Connected | E50: CONFIRMED | G50: NOT CONFIRMED
A54: ASSEMBLY COORDINATOR (LEADER NAME) | B54: NAME | C54: NUMBER | D54: AGE | E54: GENDER | F54: PROFESSION | G54: RELIGION | H54: CATEGORY | I54: CASTE | J54: DISTRICT | K54: ASSEMBLY | L54: BLOCK | M54: PANCHAYAT | N54: Calling Status | O54: 1. क्या आप राजनीतिक या सामाजिक कार्य में रूचि रखते हैं? (हां/नहीं) | P54: 2. क्या आप वर्तमान में किसी सामाजिक या राजनैतिक संगठन से जुड़े हैं? (हाँ / नहीं) | Q54: संगठन का नाम (यदि हाँ): | R54: भूमिका (1-2 शब्द): | S54: 3. आपने अब तक अपने क्षेत्र में कोई सामाजिक या जन सरोकार का कार्य किया है? (हाँ / नहीं) | T54: यदि हाँ, तो एक उदाहरण दें: | U54: 4. क्या आपने कभी किसी जनप्रतिनिधि से जनता के मुद्दों को लेकर बात की है? (हाँ / नहीं) | V54: यदि हाँ, तो मुद्दा: | W54: 5. सामाजिक न्याय और समानता आपके लिए कितनी महत्वपूर्ण है? (बहुत / कुछ हद तक / नहीं) | X54: 6. क्या आप मानते हैं कि भारतीय संविधान की बातें – न्याय, स्वतंत्रता, समानता, बंधुत्व – ज़मीनी स्तर तक पहुंचें? (हाँ / नहीं) | Y54: 7. क्या आप कांग्रेस पार्टी द्वारा चलाए जा रहे संविधान लीडरशिप प्रोग्राम के बारे में जानते हैं? (हां/नहीं) (यदि नहीं तो संविधान लीडरशिप प्रोग्राम के बारे में जानकारी- ) | Z54: 8. क्या आप इस प्रोग्राम में नेतृत्व की भूमिका निभाने को तैयार हैं? (हाँ / नहीं / विचार कर रहा/रही हूं) | AA54: Verification Status | AB54: Remarks
A55: Ejaj Ahmed | B55: NAHID MUSHTAQUE | C55: 9934915901 | J55: DARBHANGA | K55: JALE | N55: Call Back Later
B56: RAMESH KUMAR | C56: 9341414434 | J56: DARBHANGA | K56: JALE | N56: Not Received
B57: RAJKUMAR PANDIT | C57: 9934570894 | D57: 43 | E57: Male | F57: Agriculture | G57: Hindu | H57: ebc | I57: kumhar | J57: DARBHANGA | K57: JALE | L57: singhwara | M57: bhawanipur | N57: Connected | O57: Yes | P57: Yes | Q57: Akhil bhartiya | R57: state vice president | S57: Yes | T57: helping people | U57: Yes | V57: devlopment | W57: Bahut | X57: Yes | Y57: NO | Z57: Yes | AA57: Verified
B58: SUJIT THAKUR | C58: 9973612451 | D58: 39 | E58: Male | F58: politics | G58: Hindu | H58: junral | I58: Brahman | J58: DARBHANGA | K58: JALE | L58: jale | M58: Massa | N58: Connected | O58: Yes | P58: Yes | Q58: congress | S58: Yes | T58: Mandi bnawa rhe | U58: Yes | V58: water problem | W58: Bahut | X58: Yes | Y58: Yes | Z58: Yes | AA58: Verified
B59: NAGESHWAR MUKHIYA | C59: 9135179842 | D59: 62 | E59: Male | F59: panchayat pratinidhi | G59: Hindu | H59: sc | I59: malah | J59: DARBHANGA | K59: JALE | L59: jale | M59: massa | N59: Connected | O59: Yes | P59: NO | S59: Yes | T59: helping people | U59: NO | W59: Bahut | X59: Yes | Y59: Yes | Z59: Yes | AA59: Verified
B60: AQUIL SIDIQUE | C60: 9525434364 | D60: 48 | E60: Male | F60: social work | G60: muslim | H60: junral | I60: sekh | J60: DARBHANGA | K60: JALE | L60: jale | M60: massa | N60: Connected | O60: Yes | Q60: congress | R60: panchayat precident | S60: Yes | T60: to make people aware | U60: NO | W60: Bahut | X60: Yes | Y60: NO | Z60: Yes | AA60: Verified
B61: MD KHALIL AHMED | C61: 8961723315 | D61: 42 | E61: Male | F61: business | G61: muslim | H61: junral | I61: sekh | J61: DARBHANGA | K61: JALE | L61: singhwara | M61: asthuk | N61: Connected | O61: Yes | P61: NO | S61: Yes | T61: helping people | U61: Yes | V61: devlopment | W61: Bahut | X61: Yes | Y61: Yes | Z61: Yes | AA61: Verified
B62: LALIT YADAV | C62: 9661908833 | D62: 50 | E62: Male | F62: business | G62: Hindu | H62: OBC | I62: yadav | J62: DARBHANGA | K62: JALE | L62: singhwara | M62: asthua | N62: Connected | O62: Yes | P62: NO | S62: NO | U62: Yes | V62: devlopment | W62: Kuch Had Tak | X62: Yes | Y62: NO | Z62: Yes | AA62: Verified
B63: BUDHU MAJHI | C63: 9155673614 | J63: DARBHANGA | K63: JALE | N63: Switch off | AB63: not incoming call
B64: MOHAMMAD KHURSHID | C64: 8969921695 | D64: 70 | E64: Male | F64: farmer | G64: muslim | H64: junral | I64: sekh | J64: DARBHANGA | K64: JALE | L64: singhwara | M64: asthua | N64: Connected | O64: NO | S64: Yes | U64: Yes | V64: road problem | W64: Bahut | X64: Yes | Y64: Yes | Z64: Yes | AA64: Verified
B65: GAUJAN CHOUDHARY | C65: 9110968636 | D65: 37 | E65: Male | F65: politics | G65: Hindu | H65: junral | I65: bhumihar | J65: DARBHANGA | K65: JALE | L65: singhwara | M65: Rampura | N65: Connected | O65: Yes | P65: NO | Q65: congress | S65: Yes | T65: social work | U65: Yes | V65: devlopment | W65: Bahut | X65: Yes | Y65: NO | Z65: Yes | AA65: Verified
B66: PUNIYA NAND MISHR | C66: 9525671410 | D66: 58 | E66: Male | F66: politics | G66: Hindu | H66: junral | I66: Brahman | J66: DARBHANGA | K66: JALE | L66: singhwara | M66: singhwara | N66: Connected | O66: Yes | P66: Yes | Q66: congress | R66: former block president | S66: Yes | T66: social work | U66: Yes | V66: devlopment | W66: Bahut | X66: Yes | Y66: Yes | Z66: Yes | AA66: Verified
B67: GAURI SHANKAR JHA | C67: 9771384810 | D67: 62 | E67: Male | F67: tax chief | G67: Hindu | H67: junral | I67: Brahman | J67: DARBHANGA | K67: JALE | L67: singhwara | M67: Rampura | N67: Connected | O67: Yes | P67: NO | S67: NO | U67: Yes | W67: Kuch Had Tak | X67: Yes | Y67: NO | Z67: Yes | AA67: Verified
B68: MURARI JHA | C68: 8210910120 | D68: 28 | E68: Male | F68: business | G68: Hindu | H68: junral | I68: Brahman | J68: DARBHANGA | K68: JALE | L68: singhwara | M68: singhwara | N68: Connected | O68: Yes | P68: NO | S68: NO | U68: NO | W68: Kuch Had Tak | X68: Yes | Y68: NO | Z68: NO | AA68: Verified
B69: LOHA SINGH YADAV | C69: 9868590868 | D69: 55 | E69: Male | F69: farmer | G69: Hindu | H69: OBC | I69: yadav | J69: DARBHANGA | K69: JALE | L69: jale | M69: rahi dachni | N69: Connected | O69: Yes | P69: Yes | Q69: indian communist | R69: sachiv | S69: Yes | T69: helping people | U69: Yes | V69: unemployment | W69: Bahut | X69: Yes | Y69: Yes | Z69: Yes | AA69: Verified
B70: SAIFUR RAHMAN | C70: 6204024242 | D70: 54 | E70: Male | F70: farmer | G70: muslim | I70: sekh | J70: DARBHANGA | K70: JALE | L70: jale | M70: rari dachini | N70: Connected | O70: Yes | P70: NO | S70: NO | U70: NO | W70: Bahut | X70: Yes | Y70: NO | Z70: Yes | AA70: Verified
B71: RAHMAT ALI | C71: 9015477132 | J71: DARBHANGA | K71: JALE | N71: Call Back Later
B72: RAM KRISHNA RAM | C72: 6203494800 | D72: 80 | E72: Male | G72: Hindu | H72: sc | I72: chamar | J72: DARBHANGA | K72: JALE | L72: jale | M72: dhariya belwar | N72: Connected | O72: Yes | P72: NO | S72: Yes | T72: helping people | U72: Yes | V72: devlopment | W72: Bahut | X72: Yes | Y72: Yes | Z72: Yes | AA72: Verified
B73: HARIWANSH DAS | C73: 9470437262 | D73: 65 | E73: Female | F73: farmer | G73: Hindu | H73: sc | I73: choupal | J73: DARBHANGA | K73: JALE | L73: jale | M73: dhariya belwara | N73: Connected | O73: Yes | P73: Yes | Q73: congress | R73: beach security | S73: NO | U73: Yes | V73: unemployment | W73: Bahut | X73: Yes | Y73: Yes | Z73: Yes | AA73: Verified
B74: MOHAMMAD ALAUDDIN | C74: 8540907003 | D74: 43 | E74: Male | F74: farmer | G74: muslim | H74: ebc | I74: rayan | J74: DARBHANGA | K74: JALE | L74: jale | M74: bharam Pur purbi | N74: Connected | O74: Yes | P74: NO | S74: Yes | T74: helping people | U74: Yes | V74: education | W74: Bahut | X74: Yes | Y74: Yes | Z74: Yes | AA74: Verified
B75: ABDUL QUAIYUM | C75: 7764892986 | D75: 25 | E75: Male | F75: student | G75: muslim | H75: OBC | I75: rain | J75: DARBHANGA | K75: JALE | L75: jale | M75: bharam Pur purbi | N75: Connected | O75: Yes | P75: Yes | Q75: congress | S75: Yes | T75: helping people | U75: Yes | V75: education , hospital | W75: Bahut | X75: Yes | Y75: Yes | Z75: Yes | AA75: Verified
B76: HARDIK KUMAR RAM | C76: 8298707748 | D76: 19 | E76: Male | F76: student | G76: Hindu | H76: sc | I76: chamar | J76: DARBHANGA | K76: JALE | L76: jale | M76: bharam Pur purbi | N76: Connected | O76: NO | P76: NO | S76: NO | U76: NO | W76: Bahut | X76: Yes | Y76: Yes | Z76: Yes | AA76: Verified
B77: SUBODH SADA MAJHI | C77: 8651610545 | D77: 49 | E77: Male | F77: politics | G77: Hindu | H77: sc | I77: musher | J77: DARBHANGA | K77: JALE | L77: jale | M77: bharam Pur purbi | N77: Connected | O77: Yes | P77: NO | S77: Yes | T77: NGO | U77: Yes | V77: devlopment | W77: Bahut | X77: Yes | Y77: Yes | Z77: Yes | AA77: Verified
B78: JAI MAJHI | C78: 7764876875 | D78: 48 | E78: Male | G78: Hindu | H78: sc | I78: manhji | J78: DARBHANGA | K78: JALE | L78: jale | M78: bharam Pur purbi | N78: Connected | O78: Yes | P78: NO | S78: NO | U78: Yes | V78: land Road problem | W78: Bahut | X78: Yes | Y78: NO | AA78: Verified
B79: RAMASISH SADA | C79: 7050395922 | D79: 58 | E79: Male | F79: business | G79: Hindu | H79: sc | I79: musher | J79: DARBHANGA | K79: JALE | L79: jale | M79: bharam Pur purbi | N79: Connected | O79: NO | P79: NO | S79: Yes | T79: helping people | U79: NO | W79: Kuch Had Tak | X79: Yes | Y79: Yes | Z79: Yes | AA79: Verified
B80: RANJIT KUMAR YADAV | C80: 8863065154 | D80: 32 | E80: Male | F80: mukhiya | G80: Hindu | H80: OBC | I80: yadav | J80: DARBHANGA | K80: JALE | L80: jale | M80: karba taryani | N80: Connected | O80: Yes | P80: NO | S80: Yes | T80: helping people | U80: Yes | V80: harijan k liy colony bnana | W80: Bahut | X80: Yes | Y80: Yes | Z80: Yes | AA80: Verified
B81: JAMAL MIRZA BEG | C81: 9264409831 | J81: DARBHANGA | K81: JALE | N81: Switch off
B82: RAJENDRA PASWAN | C82: 9330539914 | D82: 47 | E82: Male | F82: business | G82: Hindu | H82: sc | I82: paswan | J82: DARBHANGA | K82: JALE | L82: jale | M82: jale East | N82: Connected | O82: Yes | P82: NO | S82: Yes | T82: helping people | U82: Yes | V82: Road wate problem | W82: Bahut | X82: Yes | Y82: Yes | Z82: Yes | AA82: Verified
B83: SUSHIL RAM | C83: 6201433369 | D83: 45 | E83: Male | F83: farmer | G83: Hindu | H83: sc | I83: Ram | J83: DARBHANGA | K83: JALE | N83: Call Back Later | AB83: baat krte huya call kt kr diy
B84: SUNIL RAM | C84: 8825396071 | D84: 31 | E84: Male | F84: business | G84: Hindu | H84: sc | I84: Ram | J84: DARBHANGA | K84: JALE | L84: jale | M84: jale west | N84: Connected | O84: NO | P84: NO | S84: Yes | T84: helping people | U84: NO | W84: Bahut | X84: Yes | Y84: NO | Z84: Yes | AA84: Verified
B85: RAJKISHORE RAM | C85: 6205955063 | D85: 40 | E85: Male | F85: councilor representative | G85: Hindu | H85: sc | I85: chamar | J85: DARBHANGA | K85: JALE | L85: jale | M85: 7 | N85: Connected | O85: Yes | P85: NO | S85: Yes | T85: helping | U85: Yes | V85: devlopment | W85: Bahut | X85: Yes | Y85: NO | Z85: NO | AA85: Verified
B86: MD QAMRE ALAM | C86: 8797454005 | D86: 35 | E86: Male | F86: Job | G86: muslim | H86: junral | J86: DARBHANGA | K86: JALE | L86: jale | M86: jale | N86: Connected | O86: NO | P86: NO | S86: NO | U86: NO | W86: Bahut | X86: Yes | Y86: Yes | Z86: Yes | AA86: Verified
B87: HARIWANSH DAS | C87: 9334395087 | D87: 26 | E87: Male | F87: student | G87: Hindu | H87: sc | J87: DARBHANGA | K87: JALE | L87: jale | M87: jale | N87: Connected | O87: NO | P87: NO | S87: NO | U87: NO | W87: Bahut | X87: Yes | Y87: Yes | Z87: Yes | AA87: Verified
B88: BHUSHAN KUMAR SINGH | C88: 8383866929 | J88: DARBHANGA | K88: JALE | N88: Call Back Later
B89: AVDESH KUMAR MANDAL | C89: 9650598661 | D89: 27 | E89: Male | G89: Hindu | H89: OBC | I89: dhanuk | J89: DARBHANGA | K89: JALE | L89: jale | M89: 1 | N89: Connected | O89: Yes | P89: NO | S89: Yes | T89: helping people | U89: Yes | V89: Road nali problem | W89: Bahut | X89: Yes | Y89: Yes | Z89: NO | AA89: Verified
B90: PRAVEEN KUMAR | C90: 9576711207 | J90: DARBHANGA | K90: JALE | N90: Not Received
B91: NIRANJAN KUMAR | C91: 9122028683 | J91: DARBHANGA | K91: JALE | N91: Not Received
B92: DR SHIWALAI YADAV | C92: 8521802196 | D92: 60 | E92: Male | F92: farmer | G92: Hindu | H92: OBC | I92: yadav | J92: DARBHANGA | K92: JALE | L92: jale | M92: rahi uttri | N92: Connected | O92: Yes | P92: Yes | Q92: RJD | S92: Yes | T92: helping people | U92: Yes | V92: road nali problem | W92: Bahut | X92: Yes | Y92: Yes | Z92: Yes | AA92: Verified
B93: NALBUNI YADAV | C93: 9931249517 | J93: DARBHANGA | K93: JALE | N93: Not Received
B94: RAMDAHIN RAI | C94: 7654419406 | J94: DARBHANGA | K94: JALE | N94: Call Back Later
B95: JHAKRA PASWAN | C95: 9661952426 | J95: DARBHANGA | K95: JALE | N95: Switch off
B96: CHAND ALAM | C96: 9905689456 | D96: 50 | E96: Male | F96: business | G96: muslim | H96: junral | I96: sekh | J96: DARBHANGA | K96: JALE | L96: jale | M96: rari purbi | N96: Connected | O96: Yes | P96: Yes | Q96: congress | S96: Yes | T96: helping people | U96: Yes | V96: Road nali problem | W96: Bahut | X96: Yes | Y96: NO | Z96: Yes | AA96: Verified
B97: EHSANUL HAQUE | C97: 6207654476 | J97: DARBHANGA | K97: JALE | N97: Not Received
B98: KANHAIYA PRASAD | C98: 8102088233 | J98: DARBHANGA | K98: JALE | N98: Not Received

Sheet GOPALGANJ AC
A2: SLP List Assembly: GOPALGANJ Training Date & Time: Location: Field Coordinator: AJAY Kr. YADAV
A7: Sr. No. | B7: Name | C7: Mobile Number | D7: Calling Status 21th july | E7: Confirmation Status | F7: Remarks
A8: 1 | B8: Mohammad Kalimullah (Kalim Bhai) | C8: 7070520956
A9: 2 | B9: Anita Tiwari | C9: 8828075239
A10: 3 | B10: Pankaj Shrivastav | C10: 7970485898
A11: 4 | B11: Qaumudin | C11: 9801298771
A12: 5 | B12: Sameer Ansari | C12: 6201226233
A13: 6 | B13: Irshad Ansari | C13: 6299424250
A14: 7 | B14: Manjeet Yadav | C14: 7004567973
A15: 8 | B15: Dharmendra Kumar | C15: 9110185905
A16: 9 | B16: Abdul Ansari | C16: 9955332296
A17: 10 | B17: Nilu Kumari Yadav | C17: 7541864152
A18: 11 | B18: Faim Akhtar | C18: 7250748770
A19: 12 | B19: Sanjay Ram | C19: 8757904358
... A28: 21 | B28: Kalamudin Alam | C28: 9792522955
A37: ASSEMBLY COORDINATOR (LEADER NAME) | B37: NAME | C37: NUMBER | D37: AGE | E37: GENDER | F37: PROFESSION | G37: RELIGION | H37: CATEGORY | I37: CASTE | J37: DISTRICT | K37: ASSEMBLY | L37: BLOCK | M37: PANCHAYAT | N37: Calling Status | O37: 1. क्या आप राजनीतिक या सामाजिक कार्य में रूचि रखते हैं? (हां/नहीं) | P37: 2. क्या आप वर्तमान में किसी सामाजिक या राजनैतिक संगठन से जुड़े हैं? (हाँ / नहीं) | Q37: संगठन का नाम (यदि हाँ): | R37: भूमिका (1-2 शब्द): | S37: 3. आपने अब तक अपने क्षेत्र में कोई सामाजिक या जन सरोकार का कार्य किया है? (हाँ / नहीं) | T37: यदि हाँ, तो एक उदाहरण दें: | U37: 4. क्या आपने कभी किसी जनप्रतिनिधि से जनता के मुद्दों को लेकर बात की है? (हाँ / नहीं) | V37: यदि हाँ, तो मुद्दा: | W37: 5. सामाजिक न्याय और समानता आपके लिए कितनी महत्वपूर्ण है? (बहुत / कुछ हद तक / नहीं) | X37: 6. क्या आप मानते हैं कि भारतीय संविधान की बातें – न्याय, स्वतंत्रता, समानता, बंधुत्व – ज़मीनी स्तर तक पहुंचें? (हाँ / नहीं) | Y37: 7. क्या आप कांग्रेस पार्टी द्वारा चलाए जा रहे संविधान लीडरशिप प्रोग्राम के बारे में जानते हैं? (हां/नहीं) (यदि नहीं तो संविधान लीडरशिप प्रोग्राम के बारे में जानकारी- ) | Z37: 8. क्या आप इस प्रोग्राम में नेतृत्व की भूमिका निभाने को तैयार हैं? (हाँ / नहीं / विचार कर रहा/रही हूं) | AA37: Verification Status | AB37: Remarks
B38: Mohammad Kalimullah (Kalim Bhai) | C38: 7070520956 | D38: 42 | E38: Male | F38: ward member | H38: gen. | I38: minority | J38: GOPALGANJ | K38: GOPALGANJ | L38: uchka gao | M38: chota sake | N38: Connected | O38: Yes | P38: Yes | S38: NO | U38: Yes | W38: Yes | X38: Yes | Y38: Yes | Z38: Yes | AA38: Verified | AB38: postive
B39: Anita Tiwari | C39: 8828075239 | D39: 42 | E39: Female | F39: sachiv | G39: Hindu | H39: junral | J39: Gopalganj | K39: GOPALGANJ | L39: Gopalganj | M39: Gopalganj | N39: Connected | O39: Yes | P39: Yes | Q39: congress | S39: Yes | U39: Yes | W39: Yes | X39: Yes | Y39: Yes | Z39: Yes | AA39: Verified | AC39: inse baat ho gyi h
B40: Pankaj Shrivastav | C40: 7970485898 | D40: 35 | F40: block worker | G40: hindu | H40: general | J40: Gopalganj | K40: GOPALGANJ | L40: Gopalganj | M40: Gopalganj | N40: Connected | O40: Yes | P40: NO | S40: NO | U40: Yes | V40: personal | W40: Yes | X40: Yes | Y40: NO | Z40: Yes | AA40: Verified | AB40: positive
B41: Qaumudin | C41: 9801298771 | D41: 52 | E41: Male | F41: business | G41: muslim | H41: sc | J41: Gopalganj | K41: GOPALGANJ | L41: Gopalganj | M41: jagari tola | N41: Connected | O41: Yes | P41: Yes | Q41: Rjb | S41: Yes | U41: Yes | W41: Yes | X41: Yes | Y41: NO | Z41: Yes | AA41: Verified | AC41: inse baat ho gyi
B42: Sameer Ansari | C42: 6201226233 | D42: 28 | E42: Male | F42: job | I42: ansari | K42: GOPALGANJ | L42: gopalganj | M42: ekdehwa | N42: Connected | O42: Yes | P42: NO | S42: Yes | U42: NO | W42: Yes | X42: Yes | Y42: Yes | Z42: Yes | AA42: Verified | AB42: postive
B43: Irshad Ansari | C43: 6299424250 | D43: 18 | E43: Male | F43: student | G43: muslim | H43: OBC | I43: Ansari | J43: Gopalganj | K43: GOPALGANJ | L43: Gopalganj | M43: Babu bisunpu | N43: Connected | O43: Yes | P43: NO | S43: Yes | U43: NO | W43: Yes | X43: Yes | Y43: NO | Z43: Yes | AA43: Verified | AC43: inse baat ho gyi h
B44: Manjeet Yadav | C44: 7004567973 | D44: 22 | E44: Male | F44: student | G44: Hindu | H44: OBC | I44: yadav | J44: Gopalganj | K44: GOPALGANJ | L44: Gopalganj | M44: Gopalganj | N44: Connected | O44: Yes | P44: Yes | Q44: congress | S44: Yes | U44: Yes | W44: Yes | X44: Yes | Y44: Yes | Z44: Yes | AA44: Verified | AC44: inse baat ho gyi h
B45: Dharmendra Kumar | C45: 9110185905 | D45: 27 | E45: Male | F45: student | G45: Hindu | H45: sc | J45: Gopalganj | K45: GOPALGANJ | L45: Thabe | M45: jagamalba | N45: Connected | O45: Yes | P45: NO | S45: Yes | U45: Yes | W45: Yes | X45: Yes | Y45: NO | AA45: Verified | AC45: Gopalganj me hi kr skte h
B46: Abdul Ansari | C46: 9955332296 | D46: 35 | E46: Male | F46: social worker | G46: hindu | H46: obc | I46: ansari | J46: Gopalganj | K46: GOPALGANJ | L46: thave | M46: videshi tola | N46: Connected | O46: Yes | P46: Yes | Q46: prakhand upadhyaksh | S46: Yes | U46: Yes | V46: public issues | W46: Yes | X46: Yes | Y46: Yes | Z46: Yes | AA46: Verified | AB46: positive
B47: Nilu Kumari Yadav | C47: 7541864152 | K47: GOPALGANJ | N47: Not Received | W47: Yes | X47: Yes | Y47: Yes | Z47: Yes | AA47: Verified | AB47: postive
B48: Faim Akhtar | C48: 7250748770 | D48: 39 | E48: Male | F48: business | G48: islam | H48: gen | I48: Muslim | J48: Gopalganj | K48: GOPALGANJ | L48: thawe | M48: vrindavan | N48: Connected | O48: Yes | P48: NO | S48: NO | U48: NO | W48: Yes | X48: Yes | Y48: Yes | Z48: Yes | AA48: Verified | AB48: positive
B49: Sanjay Ram | C49: 8757904358 | D49: 30 | E49: Male | F49: unemployment | H49: sc | I49: ram | K49: GOPALGANJ | L49: GOPALGANJ | M49: hitbharwa | N49: Connected | O49: Yes | P49: NO | S49: NO | U49: NO | W49: Yes | X49: Yes | Y49: Yes | Z49: Yes | AA49: Verified | AB49: postive
B50: Avdesh Ram | C50: 9128325958 | D50: 36 | E50: Male | F50: farmer | H50: sc | I50: ram | K50: GOPALGANJ | L50: GOPALGANJ | M50: yadavpur dukhharan | N50: Connected | O50: Yes | P50: Yes | Q50: congress | S50: Yes | U50: Yes | W50: Yes | X50: Yes | Y50: Yes | Z50: Yes | AA50: Verified | AB50: postive
B51: Mir Hasan Ansari | C51: 7292840205 | D51: 40 | E51: Male | F51: politics | H51: muslim | K51: GOPALGANJ | L51: GOPALGANJ | M51: yadavpur dukhharan | N51: Connected | O51: Yes | P51: Yes | Q51: congress | S51: Yes | T51: nal jal | U51: NO | W51: Yes | X51: Yes | Y51: Yes | Z51: Yes | AA51: Verified | AB51: postive
B52: Ramakant Mukhiya | C52: 7781044868 | D52: 43 | E52: Male | F52: labour | I52: bin | K52: GOPALGANJ | L52: GOPALGANJ | M52: yadavpur dukhharan | N52: Connected | O52: Yes | P52: Yes | Q52: congress | S52: NO | U52: Yes | W52: Yes | X52: Yes | Y52: Yes | Z52: Yes | AA52: Verified | AB52: postive
B53: Rambabu Mahto | C53: 8969253849 | D53: 28 | E53: Male | F53: student | H53: obc | I53: chauhan | K53: GOPALGANJ | L53: uchka gai | M53: parsuni khaas | N53: Connected | O53: Yes | P53: NO | S53: Yes | U53: Yes | W53: Yes | X53: Yes | Y53: Yes | Z53: Yes | AA53: Verified | AB53: postive
B54: Jitendra Prasad | C54: 9103990159 | D54: 42 | E54: Male | F54: kisan | G54: hindu | H54: obc | I54: kurmi | J54: Gopalganj | K54: GOPALGANJ | L54: Gopalganj | M54: majhagadh purvi | N54: Connected | O54: Yes | P54: Yes | Q54: inc | R54: prakhand mahasachiv | S54: Yes | T54: public issues solved | U54: Yes | V54: public issues | W54: Yes | X54: Yes | Y54: Yes | Z54: Yes | AA54: Verified | AB54: positive
B55: Chancee Yadav | C55: 8804210544 | D55: 24 | E55: Male | F55: politics | G55: Hindu | H55: obc | I55: yadav | J55: Gopalganj | K55: GOPALGANJ | L55: Gopalganj | M55: jadupur dukharan | N55: Connected | O55: Yes | P55: Yes | Q55: inc | R55: panchayat adhyaksh | S55: Yes | T55: public issues | U55: Yes | V55: public issues | W55: Yes | X55: Yes | Y55: Yes | Z55: Yes | AA55: Verified | AB55: positive
B56: Tarkeshwar Kumar | C56: 9934256300 | D56: 22 | E56: Male | F56: job | H56: Sc | I56: ram | J56: GOPALGANJ | K56: GOPALGANJ | L56: uchka gai | M56: parsuni khaas | N56: Connected | O56: Yes | P56: Yes | S56: Yes | U56: Yes | W56: Yes | X56: Yes | Y56: Yes | Z56: Yes | AA56: Verified | AB56: postive
B57: Washim Akram | C57: 9534696050 | D57: 37 | E57: Male | F57: job | H57: ebc | K57: GOPALGANJ | L57: thawe | M57: semara | N57: Connected | O57: Yes | P57: NO | S57: Yes | U57: Yes | V57: palyan | W57: Yes | X57: Yes | Y57: Yes | Z57: Yes | AA57: Verified | AB57: postive
B58: Kalamudin Alam | C58: 9792522955 | D58: 35 | E58: Male | F58: unemployment | H58: muslim | K58: GOPALGANJ | L58: gopalganj | M58: yadavpur sukal | N58: Connected | O58: NO | P58: NO | S58: Yes | U58: Yes | W58: Yes | X58: Yes | Y58: Yes | Z58: Yes | AA58: Verified | AB58: postive

Sheet ROSERA AC
A1: ASSEMBLY COORDINATOR (LEADER NAME) | B1: NAME | C1: NUMBER | D1: AGE | E1: GENDER | F1: PROFESSION | G1: RELIGION | H1: CATEGORY | I1: CASTE | J1: DISTRICT | K1: ASSEMBLY | L1: BLOCK | M1: PANCHAYAT | N1: Calling Status | O1: 1. क्या आप राजनीतिक या सामाजिक कार्य में रूचि रखते हैं? (हां/नहीं) | P1: 2. क्या आप वर्तमान में किसी सामाजिक या राजनैतिक संगठन से जुड़े हैं? (हाँ / नहीं) | Q1: संगठन का नाम (यदि हाँ): | R1: भूमिका (1-2 शब्द): | S1: 3. आपने अब तक अपने क्षेत्र में कोई सामाजिक या जन सरोकार का कार्य किया है? (हाँ / नहीं) | T1: यदि हाँ, तो एक उदाहरण दें: | U1: 4. क्या आपने कभी किसी जनप्रतिनिधि से जनता के मुद्दों को लेकर बात की है? (हाँ / नहीं) | V1: यदि हाँ, तो मुद्दा: | W1: 5. सामाजिक न्याय और समानता आपके लिए कितनी महत्वपूर्ण है? (बहुत / कुछ हद तक / नहीं) | X1: 6. क्या आप मानते हैं कि भारतीय संविधान की बातें – न्याय, स्वतंत्रता, समानता, बंधुत्व – ज़मीनी स्तर तक पहुंचें? (हाँ / नहीं) | Y1: 7. क्या आप कांग्रेस पार्टी द्वारा चलाए जा रहे संविधान लीडरशिप प्रोग्राम के बारे में जानते हैं? (हां/नहीं) (यदि नहीं तो संविधान लीडरशिप प्रोग्राम के बारे में जानकारी- ) | Z1: 8. क्या आप इस प्रोग्राम में नेतृत्व की भूमिका निभाने को तैयार हैं? (हाँ / नहीं / विचार कर रहा/रही हूं) | AA1: Verification Status | AB1: Remarks
A2: CHANDAN KUMAR | B2: Uma Shankar Roy | C2: 9507689463 | E2: Male | F2: student | G2: hindu | J2: samastipur | K2: ROSERA | L2: rosera | N2: Connected | O2: Yes | P2: Yes | Q2: nsui | R2: block president | S2: Yes | T2: chatron ke mudde pr kaam kiye h | U2: Yes | V2: fees hike of govt colleges | W2: Yes | X2: Yes | Y2: Yes | Z2: Yes | AA2: Verified | AB2: bole h ayenge abhi baat hui h
B3: Sunil Kumar | C3: 8434416844 | D3: 23 | E3: Male | F3: student | G3: hindu | K3: ROSERA | N3: Connected | AA3: Verified | AB3: baat ho gyi h bs bol rhe the do baar date change ho gya h
B4: Subodh Kumar | C4: 9525643915 | D4: 25 | E4: Male | F4: farmer | G4: Hindu | H4: OBC | I4: yadav | J4: samastipur | K4: ROSERA | L4: Rosera | N4: Connected | O4: Yes | P4: NO | S4: NO | U4: NO | AA4: Verified
